R,G,B,Red,Yellow,Blue,Black,White
228,237,240,0,0,1.05,0,100
226,235,237,0,0,1.05,0,100
225,233,235,0,0,1.05,0,100
226,237,240,0,0,1.05,0,100
227,236,238,0,0,1.05,0,100
188,194,196,0,0,1.05,1.05,100
188,194,196,0,0,1.05,1.05,100
189,194,196,0,0,1.05,1.05,100
188,194,196,0,0,1.05,1.05,100
188,193,196,0,0,1.05,1.05,100
170,176,179,0,0,1.05,2.1,100
172,178,181,0,0,1.05,2.1,100
171,177,180,0,0,1.05,2.1,100
172,178,181,0,0,1.05,2.1,100
171,176,179,0,0,1.05,2.1,100
159,166,169,0,0,1.05,3.15,100
160,166,170,0,0,1.05,3.15,100
159,166,170,0,0,1.05,3.15,100
160,166,169,0,0,1.05,3.15,100
159,165,168,0,0,1.05,3.15,100
151,158,162,0,0,1.05,4.2,100
151,157,162,0,0,1.05,4.2,100
152,158,162,0,0,1.05,4.2,100
150,156,160,0,0,1.05,4.2,100
150,155,158,0,0,1.05,4.2,100
143,149,152,0,0,1.05,5.25,100
145,150,154,0,0,1.05,5.25,100
144,150,154,0,0,1.05,5.25,100
144,151,155,0,0,1.05,5.25,100
144,150,154,0,0,1.05,5.25,100
219,231,235,0,0,2.1,0,100
220,232,238,0,0,2.1,0,100
219,232,238,0,0,2.1,0,100
220,234,239,0,0,2.1,0,100
219,232,238,0,0,2.1,0,100
193,200,202,0,0,2.1,1.05,100
195,203,206,0,0,2.1,1.05,100
194,201,204,0,0,2.1,1.05,100
194,202,205,0,0,2.1,1.05,100
194,201,205,0,0,2.1,1.05,100
173,180,183,0,0,2.1,2.1,100
175,182,185,0,0,2.1,2.1,100
176,183,186,0,0,2.1,2.1,100
176,183,186,0,0,2.1,2.1,100
175,182,185,0,0,2.1,2.1,100
166,173,177,0,0,2.1,3.15,100
168,174,176,0,0,2.1,3.15,100
166,173,176,0,0,2.1,3.15,100
165,172,175,0,0,2.1,3.15,100
165,172,176,0,0,2.1,3.15,100
155,162,166,0,0,2.1,4.2,100
155,162,166,0,0,2.1,4.2,100
155,162,166,0,0,2.1,4.2,100
155,163,167,0,0,2.1,4.2,100
154,161,165,0,0,2.1,4.2,100
212,230,239,0,0,3.15,0,100
215,232,241,0,0,3.15,0,100
216,233,242,0,0,3.15,0,100
213,230,238,0,0,3.15,0,100
214,231,240,0,0,3.15,0,100
188,196,200,0,0,3.15,1.05,100
188,196,200,0,0,3.15,1.05,100
187,195,199,0,0,3.15,1.05,100
188,196,200,0,0,3.15,1.05,100
189,197,202,0,0,3.15,1.05,100
170,178,182,0,0,3.15,2.1,100
173,180,184,0,0,3.15,2.1,100
172,179,182,0,0,3.15,2.1,100
173,181,185,0,0,3.15,2.1,100
174,181,185,0,0,3.15,2.1,100
160,167,170,0,0,3.15,3.15,100
162,169,174,0,0,3.15,3.15,100
161,168,173,0,0,3.15,3.15,100
163,170,174,0,0,3.15,3.15,100
162,169,174,0,0,3.15,3.15,100
208,227,237,0,0,4.2,0,100
207,225,235,0,0,4.2,0,100
207,228,240,0,0,4.2,0,100
210,229,240,0,0,4.2,0,100
206,225,235,0,0,4.2,0,100
185,195,200,0,0,4.2,1.05,100
184,193,198,0,0,4.2,1.05,100
186,196,201,0,0,4.2,1.05,100
185,195,200,0,0,4.2,1.05,100
186,195,199,0,0,4.2,1.05,100
168,177,181,0,0,4.2,2.1,100
170,178,183,0,0,4.2,2.1,100
170,179,184,0,0,4.2,2.1,100
170,178,182,0,0,4.2,2.1,100
170,178,182,0,0,4.2,2.1,100
197,220,234,0,0,5.25,0,100
200,224,238,0,0,5.25,0,100
202,226,241,0,0,5.25,0,100
200,223,237,0,0,5.25,0,100
201,224,235,0,0,5.25,0,100
180,191,196,0,0,5.25,1.05,100
182,192,198,0,0,5.25,1.05,100
181,191,197,0,0,5.25,1.05,100
182,193,198,0,0,5.25,1.05,100
181,192,198,0,0,5.25,1.05,100
240,243,217,0,1.05,0,0,100
240,243,217,0,1.05,0,0,100
236,239,215,0,1.05,0,0,100
237,240,217,0,1.05,0,0,100
238,241,217,0,1.05,0,0,100
206,210,201,0,1.05,0,1.05,100
204,208,199,0,1.05,0,1.05,100
204,208,200,0,1.05,0,1.05,100
204,207,199,0,1.05,0,1.05,100
205,209,201,0,1.05,0,1.05,100
187,192,188,0,1.05,0,2.1,100
186,191,187,0,1.05,0,2.1,100
187,192,188,0,1.05,0,2.1,100
187,192,188,0,1.05,0,2.1,100
186,191,187,0,1.05,0,2.1,100
169,174,173,0,1.05,0,3.15,100
169,174,173,0,1.05,0,3.15,100
168,173,172,0,1.05,0,3.15,100
168,174,173,0,1.05,0,3.15,100
170,175,174,0,1.05,0,3.15,100
163,168,168,0,1.05,0,4.2,100
162,168,168,0,1.05,0,4.2,100
161,166,166,0,1.05,0,4.2,100
161,167,167,0,1.05,0,4.2,100
163,168,168,0,1.05,0,4.2,100
152,158,159,0,1.05,0,5.25,100
153,159,160,0,1.05,0,5.25,100
151,157,158,0,1.05,0,5.25,100
151,156,157,0,1.05,0,5.25,100
151,156,157,0,1.05,0,5.25,100
224,234,219,0,1.05,1.05,0,100
223,233,219,0,1.05,1.05,0,100
223,233,218,0,1.05,1.05,0,100
222,234,218,0,1.05,1.05,0,100
224,236,219,0,1.05,1.05,0,100
190,196,194,0,1.05,1.05,1.05,100
189,195,192,0,1.05,1.05,1.05,100
188,195,192,0,1.05,1.05,1.05,100
188,194,191,0,1.05,1.05,1.05,100
191,197,195,0,1.05,1.05,1.05,100
162,168,169,0,1.05,1.05,2.1,100
162,169,170,0,1.05,1.05,2.1,100
162,168,169,0,1.05,1.05,2.1,100
162,168,168,0,1.05,1.05,2.1,100
162,168,168,0,1.05,1.05,2.1,100
154,160,162,0,1.05,1.05,3.15,100
152,159,160,0,1.05,1.05,3.15,100
152,159,169,0,1.05,1.05,3.15,100
151,158,159,0,1.05,1.05,3.15,100
151,158,159,0,1.05,1.05,3.15,100
147,153,156,0,1.05,1.05,4.2,100
147,154,157,0,1.05,1.05,4.2,100
146,152,154,0,1.05,1.05,4.2,100
146,153,155,0,1.05,1.05,4.2,100
147,154,156,0,1.05,1.05,4.2,100
217,231,219,0,1.05,2.1,0,100
217,229,218,0,1.05,2.1,0,100
218,231,220,0,1.05,2.1,0,100
216,229,218,0,1.05,2.1,0,100
218,232,221,0,1.05,2.1,0,100
184,192,190,0,1.05,2.1,1.05,100
186,193,192,0,1.05,2.1,1.05,100
185,193,191,0,1.05,2.1,1.05,100
186,193,192,0,1.05,2.1,1.05,100
187,195,193,0,1.05,2.1,1.05,100
169,176,177,0,1.05,2.1,2.1,100
169,176,177,0,1.05,2.1,2.1,100
169,176,177,0,1.05,2.1,2.1,100
168,175,176,0,1.05,2.1,2.1,100
170,177,178,0,1.05,2.1,2.1,100
158,165,166,0,1.05,2.1,3.15,100
159,166,168,0,1.05,2.1,3.15,100
157,164,165,0,1.05,2.1,3.15,100
158,165,167,0,1.05,2.1,3.15,100
159,166,168,0,1.05,2.1,3.15,100
213,231,221,0,1.05,3.15,0,100
214,232,222,0,1.05,3.15,0,100
213,231,221,0,1.05,3.15,0,100
214,231,221,0,1.05,3.15,0,100
214,232,222,0,1.05,3.15,0,100
185,193,192,0,1.05,3.15,1.05,100
183,192,191,0,1.05,3.15,1.05,100
183,191,190,0,1.05,3.15,1.05,100
183,192,191,0,1.05,3.15,1.05,100
186,195,194,0,1.05,3.15,1.05,100
170,178,179,0,1.05,3.15,2.1,100
168,175,176,0,1.05,3.15,2.1,100
169,176,177,0,1.05,3.15,2.1,100
170,178,179,0,1.05,3.15,2.1,100
171,178,179,0,1.05,3.15,2.1,100
211,230,223,0,1.05,4.2,0,100
213,234,226,0,1.05,4.2,0,100
209,229,222,0,1.05,4.2,0,100
208,229,221,0,1.05,4.2,0,100
209,227,221,0,1.05,4.2,0,100
186,194,194,0,1.05,4.2,1.05,100
183,192,192,0,1.05,4.2,1.05,100
184,192,192,0,1.05,4.2,1.05,100
183,193,193,0,1.05,4.2,1.05,100
186,194,195,0,1.05,4.2,1.05,100
238,241,207,0,2.1,0,0,100
238,241,208,0,2.1,0,0,100
237,240,208,0,2.1,0,0,100
237,240,207,0,2.1,0,0,100
237,240,208,0,2.1,0,0,100
191,195,188,0,2.1,0,1.05,100
189,194,187,0,2.1,0,1.05,100
191,196,189,0,2.1,0,1.05,100
189,194,186,0,2.1,0,1.05,100
188,193,185,0,2.1,0,1.05,100
175,180,175,0,2.1,0,2.1,100
174,179,175,0,2.1,0,2.1,100
176,181,177,0,2.1,0,2.1,100
174,179,175,0,2.1,0,2.1,100
174,179,175,0,2.1,0,2.1,100
166,171,170,0,2.1,0,3.15,100
163,169,171,0,2.1,0,3.15,100
164,170,168,0,2.1,0,3.15,100
165,170,167,0,2.1,0,3.15,100
163,168,167,0,2.1,0,3.15,100
156,161,161,0,2.1,0,4.2,100
155,161,160,0,2.1,0,4.2,100
156,162,162,0,2.1,0,4.2,100
155,161,160,0,2.1,0,4.2,100
156,163,162,0,2.1,0,4.2,100
226,236,211,0,2.1,1.05,0,100
227,237,211,0,2.1,1.05,0,100
226,236,211,0,2.1,1.05,0,100
225,235,210,0,2.1,1.05,0,100
227,237,212,0,2.1,1.05,0,100
184,190,184,0,2.1,1.05,1.05,100
187,193,187,0,2.1,1.05,1.05,100
188,194,188,0,2.1,1.05,1.05,100
187,193,187,0,2.1,1.05,1.05,100
187,193,187,0,2.1,1.05,1.05,100
170,176,174,0,2.1,1.05,2.1,100
170,177,174,0,2.1,1.05,2.1,100
171,177,175,0,2.1,1.05,2.1,100
171,178,175,0,2.1,1.05,2.1,100
170,177,174,0,2.1,1.05,2.1,100
159,165,164,0,2.1,1.05,3.15,100
161,167,166,0,2.1,1.05,3.15,100
159,166,165,0,2.1,1.05,3.15,100
160,167,166,0,2.1,1.05,3.15,100
159,166,165,0,2.1,1.05,3.15,100
223,236,213,0,2.1,2.1,0,100
220,233,207,0,2.1,2.1,0,100
221,234,208,0,2.1,2.1,0,100
220,233,208,0,2.1,2.1,0,100
222,235,210,0,2.1,2.1,0,100
188,195,186,0,2.1,2.1,1.05,100
191,198,190,0,2.1,2.1,1.05,100
189,197,188,0,2.1,2.1,1.05,100
193,200,191,0,2.1,2.1,1.05,100
192,199,189,0,2.1,2.1,1.05,100
172,179,174,0,2.1,2.1,2.1,100
172,179,175,0,2.1,2.1,2.1,100
175,182,178,0,2.1,2.1,2.1,100
175,182,178,0,2.1,2.1,2.1,100
176,183,178,0,2.1,2.1,2.1,100
210,227,209,0,2.1,3.15,0,100
213,230,211,0,2.1,3.15,0,100
210,228,209,0,2.1,3.15,0,100
213,230,211,0,2.1,3.15,0,100
214,229,212,0,2.1,3.15,0,100
186,195,188,0,2.1,3.15,1.05,100
189,199,192,0,2.1,3.15,1.05,100
190,199,192,0,2.1,3.15,1.05,100
189,198,191,0,2.1,3.15,1.05,100
189,198,191,0,2.1,3.15,1.05,100
240,242,200,0,3.15,0,0,100
241,243,199,0,3.15,0,0,100
240,242,200,0,3.15,0,0,100
241,243,199,0,3.15,0,0,100
239,241,199,0,3.15,0,0,100
194,199,184,0,3.15,0,1.05,100
192,197,182,0,3.15,0,1.05,100
195,200,185,0,3.15,0,1.05,100
195,200,185,0,3.15,0,1.05,100
195,199,184,0,3.15,0,1.05,100
176,182,173,0,3.15,0,2.1,100
177,182,174,0,3.15,0,2.1,100
176,182,173,0,3.15,0,2.1,100
177,183,175,0,3.15,0,2.1,100
175,180,172,0,3.15,0,2.1,100
161,167,162,0,3.15,0,3.15,100
163,169,164,0,3.15,0,3.15,100
161,167,162,0,3.15,0,3.15,100
162,167,163,0,3.15,0,3.15,100
160,165,161,0,3.15,0,3.15,100
228,237,202,0,3.15,1.05,0,100
227,236,203,0,3.15,1.05,0,100
228,238,204,0,3.15,1.05,0,100
227,237,203,0,3.15,1.05,0,100
229,238,205,0,3.15,1.05,0,100
189,195,184,0,3.15,1.05,1.05,100
190,195,185,0,3.15,1.05,1.05,100
189,195,185,0,3.15,1.05,1.05,100
191,196,185,0,3.15,1.05,1.05,100
189,195,185,0,3.15,1.05,1.05,100
172,178,173,0,3.15,1.05,2.1,100
173,180,174,0,3.15,1.05,2.1,100
172,178,173,0,3.15,1.05,2.1,100
174,180,175,0,3.15,1.05,2.1,100
172,178,172,0,3.15,1.05,2.1,100
220,235,205,0,3.15,2.1,0,100
220,234,204,0,3.15,2.1,0,100
218,233,204,0,3.15,2.1,0,100
217,231,203,0,3.15,2.1,0,100
217,231,202,0,3.15,2.1,0,100
187,194,185,0,3.15,2.1,1.05,100
187,194,185,0,3.15,2.1,1.05,100
185,193,184,0,3.15,2.1,1.05,100
185,192,183,0,3.15,2.1,1.05,100
184,192,182,0,3.15,2.1,1.05,100
240,242,196,0,4.2,0,0,100
240,242,194,0,4.2,0,0,100
241,243,195,0,4.2,0,0,100
240,242,196,0,4.2,0,0,100
243,245,196,0,4.2,0,0,100
196,201,185,0,4.2,0,1.05,100
195,200,183,0,4.2,0,1.05,100
195,200,183,0,4.2,0,1.05,100
193,198,182,0,4.2,0,1.05,100
196,200,183,0,4.2,0,1.05,100
179,184,173,0,4.2,0,2.1,100
178,184,173,0,4.2,0,2.1,100
178,183,172,0,4.2,0,2.1,100
178,183,172,0,4.2,0,2.1,100
181,186,175,0,4.2,0,2.1,100
227,237,198,0,4.2,1.05,0,100
228,238,199,0,4.2,1.05,0,100
227,237,199,0,4.2,1.05,0,100
226,236,197,0,4.2,1.05,0,100
228,238,198,0,4.2,1.05,0,100
188,195,180,0,4.2,1.05,1.05,100
188,194,179,0,4.2,1.05,1.05,100
190,196,181,0,4.2,1.05,1.05,100
189,195,180,0,4.2,1.05,1.05,100
190,196,181,0,4.2,1.05,1.05,100
238,241,192,0,5.25,0,0,100
238,240,191,0,5.25,0,0,100
238,240,193,0,5.25,0,0,100
240,243,193,0,5.25,0,0,100
237,240,190,0,5.25,0,0,100
190,195,176,0,5.25,0,1.05,100
190,194,176,0,5.25,0,1.05,100
191,195,177,0,5.25,0,1.05,100
190,195,176,0,5.25,0,1.05,100
189,194,175,0,5.25,0,1.05,100
243,217,223,1.05,0,0,0,100
242,216,222,1.05,0,0,0,100
242,217,222,1.05,0,0,0,100
242,217,223,1.05,0,0,0,100
243,218,224,1.05,0,0,0,100
197,192,196,1.05,0,0,1.05,100
196,191,195,1.05,0,0,1.05,100
195,190,195,1.05,0,0,1.05,100
195,190,194,1.05,0,0,1.05,100
198,193,197,1.05,0,0,1.05,100
173,172,176,1.05,0,0,2.1,100
173,173,177,1.05,0,0,2.1,100
174,173,178,1.05,0,0,2.1,100
174,174,178,1.05,0,0,2.1,100
174,174,178,1.05,0,0,2.1,100
161,162,167,1.05,0,0,3.15,100
161,163,168,1.05,0,0,3.15,100
160,162,167,1.05,0,0,3.15,100
160,162,166,1.05,0,0,3.15,100
160,162,166,1.05,0,0,3.15,100
151,154,158,1.05,0,0,4.2,100
151,154,158,1.05,0,0,4.2,100
151,154,158,1.05,0,0,4.2,100
152,155,159,1.05,0,0,4.2,100
152,155,160,1.05,0,0,4.2,100
143,147,151,1.05,0,0,5.25,100
144,148,152,1.05,0,0,5.25,100
145,148,153,1.05,0,0,5.25,100
145,148,153,1.05,0,0,5.25,100
144,148,153,1.05,0,0,5.25,100
232,212,220,1.05,0,1.05,0,100
232,212,221,1.05,0,1.05,0,100
230,210,218,1.05,0,1.05,0,100
232,213,221,1.05,0,1.05,0,100
232,213,221,1.05,0,1.05,0,100
190,187,188,1.05,0,1.05,1.05,100
189,187,192,1.05,0,1.05,1.05,100
191,189,194,1.05,0,1.05,1.05,100
189,187,192,1.05,0,1.05,1.05,100
190,188,193,1.05,0,1.05,1.05,100
177,178,183,1.05,0,1.05,2.1,100
177,177,182,1.05,0,1.05,2.1,100
176,177,181,1.05,0,1.05,2.1,100
176,177,182,1.05,0,1.05,2.1,100
176,176,181,1.05,0,1.05,2.1,100
167,169,174,1.05,0,1.05,3.15,100
166,168,172,1.05,0,1.05,3.15,100
167,169,173,1.05,0,1.05,3.15,100
166,167,172,1.05,0,1.05,3.15,100
165,167,172,1.05,0,1.05,3.15,100
157,160,164,1.05,0,1.05,4.2,100
155,158,163,1.05,0,1.05,4.2,100
155,158,162,1.05,0,1.05,4.2,100
156,159,163,1.05,0,1.05,4.2,100
157,160,165,1.05,0,1.05,4.2,100
224,212,223,1.05,0,2.1,0,100
225,213,224,1.05,0,2.1,0,100
223,211,222,1.05,0,2.1,0,100
222,211,221,1.05,0,2.1,0,100
223,212,222,1.05,0,2.1,0,100
188,188,194,1.05,0,2.1,1.05,100
187,186,192,1.05,0,2.1,1.05,100
187,187,192,1.05,0,2.1,1.05,100
189,188,193,1.05,0,2.1,1.05,100
188,187,193,1.05,0,2.1,1.05,100
175,176,182,1.05,0,2.1,2.1,100
175,176,182,1.05,0,2.1,2.1,100
176,177,182,1.05,0,2.1,2.1,100
176,177,182,1.05,0,2.1,2.1,100
175,176,180,1.05,0,2.1,2.1,100
163,165,170,1.05,0,2.1,3.15,100
161,164,169,1.05,0,2.1,3.15,100
161,164,169,1.05,0,2.1,3.15,100
163,165,170,1.05,0,2.1,3.15,100
161,164,169,1.05,0,2.1,3.15,100
217,209,220,1.05,0,3.15,0,100
219,211,222,1.05,0,3.15,0,100
218,210,221,1.05,0,3.15,0,100
217,210,220,1.05,0,3.15,0,100
219,211,220,1.05,0,3.15,0,100
185,185,190,1.05,0,3.15,1.05,100
187,187,193,1.05,0,3.15,1.05,100
187,188,194,1.05,0,3.15,1.05,100
188,187,194,1.05,0,3.15,1.05,100
184,185,191,1.05,0,3.15,1.05,100
173,175,180,1.05,0,3.15,2.1,100
171,173,179,1.05,0,3.15,2.1,100
170,173,178,1.05,0,3.15,2.1,100
170,173,178,1.05,0,3.15,2.1,100
171,173,178,1.05,0,3.15,2.1,100
215,210,223,1.05,0,4.2,0,100
216,211,223,1.05,0,4.2,0,100
215,210,223,1.05,0,4.2,0,100
214,209,223,1.05,0,4.2,0,100
214,209,220,1.05,0,4.2,0,100
189,190,198,1.05,0,4.2,1.05,100
189,190,198,1.05,0,4.2,1.05,100
190,190,198,1.05,0,4.2,1.05,100
190,190,198,1.05,0,4.2,1.05,100
190,191,198,1.05,0,4.2,1.05,100
238,214,208,1.05,1.05,0,0,100
237,212,206,1.05,1.05,0,0,100
239,212,206,1.05,1.05,0,0,100
242,215,209,1.05,1.05,0,0,100
239,215,210,1.05,1.05,0,0,100
189,185,185,1.05,1.05,0,1.05,100
188,185,185,1.05,1.05,0,1.05,100
188,185,185,1.05,1.05,0,1.05,100
190,187,186,1.05,1.05,0,1.05,100
189,185,185,1.05,1.05,0,1.05,100
175,174,175,1.05,1.05,0,2.1,100
176,174,175,1.05,1.05,0,2.1,100
175,174,175,1.05,1.05,0,2.1,100
173,173,174,1.05,1.05,0,2.1,100
177,175,176,1.05,1.05,0,2.1,100
164,165,167,1.05,1.05,0,3.15,100
163,164,166,1.05,1.05,0,3.15,100
164,165,166,1.05,1.05,0,3.15,100
163,164,166,1.05,1.05,0,3.15,100
165,166,168,1.05,1.05,0,3.15,100
156,158,161,1.05,1.05,0,4.2,100
157,158,160,1.05,1.05,0,4.2,100
156,158,161,1.05,1.05,0,4.2,100
155,158,160,1.05,1.05,0,4.2,100
155,157,159,1.05,1.05,0,4.2,100
233,216,211,1.05,1.05,1.05,0,100
230,213,209,1.05,1.05,1.05,0,100
235,217,213,1.05,1.05,1.05,0,100
235,218,213,1.05,1.05,1.05,0,100
234,217,213,1.05,1.05,1.05,0,100
191,188,188,1.05,1.05,1.05,1.05,100
192,189,189,1.05,1.05,1.05,1.05,100
189,188,188,1.05,1.05,1.05,1.05,100
190,188,189,1.05,1.05,1.05,1.05,100
188,186,186,1.05,1.05,1.05,1.05,100
176,177,178,1.05,1.05,1.05,2.1,100
175,176,177,1.05,1.05,1.05,2.1,100
175,177,178,1.05,1.05,1.05,2.1,100
174,175,176,1.05,1.05,1.05,2.1,100
176,176,178,1.05,1.05,1.05,2.1,100
162,164,166,1.05,1.05,1.05,3.15,100
162,164,166,1.05,1.05,1.05,3.15,100
162,164,166,1.05,1.05,1.05,3.15,100
164,166,168,1.05,1.05,1.05,3.15,100
163,166,163,1.05,1.05,1.05,3.15,100
225,218,214,1.05,1.05,2.1,0,100
226,219,215,1.05,1.05,2.1,0,100
224,217,214,1.05,1.05,2.1,0,100
226,218,215,1.05,1.05,2.1,0,100
224,217,213,1.05,1.05,2.1,0,100
188,189,190,1.05,1.05,2.1,1.05,100
188,189,190,1.05,1.05,2.1,1.05,100
189,189,189,1.05,1.05,2.1,1.05,100
187,188,189,1.05,1.05,2.1,1.05,100
189,190,190,1.05,1.05,2.1,1.05,100
173,175,176,1.05,1.05,2.1,2.1,100
172,175,176,1.05,1.05,2.1,2.1,100
171,174,176,1.05,1.05,2.1,2.1,100
172,175,177,1.05,1.05,2.1,2.1,100
173,175,177,1.05,1.05,2.1,2.1,100
219,214,213,1.05,1.05,3.15,0,100
217,213,211,1.05,1.05,3.15,0,100
218,213,211,1.05,1.05,3.15,0,100
219,213,211,1.05,1.05,3.15,0,100
219,214,212,1.05,1.05,3.15,0,100
189,190,191,1.05,1.05,3.15,1.05,100
189,191,192,1.05,1.05,3.15,1.05,100
188,189,189,1.05,1.05,3.15,1.05,100
189,190,190,1.05,1.05,3.15,1.05,100
188,189,190,1.05,1.05,3.15,1.05,100
241,217,203,1.05,2.1,0,0,100
242,218,204,1.05,2.1,0,0,100
241,216,201,1.05,2.1,0,0,100
241,216,201,1.05,2.1,0,0,100
243,216,202,1.05,2.1,0,0,100
195,191,185,1.05,2.1,0,1.05,100
195,191,185,1.05,2.1,0,1.05,100
194,190,185,1.05,2.1,0,1.05,100
192,189,183,1.05,2.1,0,1.05,100
193,190,184,1.05,2.1,0,1.05,100
176,176,174,1.05,2.1,0,2.1,100
176,176,173,1.05,2.1,0,2.1,100
175,174,173,1.05,2.1,0,2.1,100
174,174,172,1.05,2.1,0,2.1,100
175,175,172,1.05,2.1,0,2.1,100
165,166,165,1.05,2.1,0,3.15,100
164,166,166,1.05,2.1,0,3.15,100
163,165,164,1.05,2.1,0,3.15,100
163,165,164,1.05,2.1,0,3.15,100
164,166,165,1.05,2.1,0,3.15,100
231,220,201,1.05,2.1,1.05,0,100
229,217,199,1.05,2.1,1.05,0,100
229,217,198,1.05,2.1,1.05,0,100
231,218,200,1.05,2.1,1.05,0,100
232,220,202,1.05,2.1,1.05,0,100
194,193,186,1.05,2.1,1.05,1.05,100
194,192,184,1.05,2.1,1.05,1.05,100
197,195,187,1.05,2.1,1.05,1.05,100
193,193,185,1.05,2.1,1.05,1.05,100
193,193,185,1.05,2.1,1.05,1.05,100
175,177,173,1.05,2.1,1.05,2.1,100
175,176,172,1.05,2.1,1.05,2.1,100
176,178,175,1.05,2.1,1.05,2.1,100
176,177,174,1.05,2.1,1.05,2.1,100
174,176,173,1.05,2.1,1.05,2.1,100
226,212,201,1.05,2.1,2.1,0,100
226,212,201,1.05,2.1,2.1,0,100
227,214,202,1.05,2.1,2.1,0,100
227,214,202,1.05,2.1,2.1,0,100
228,214,203,1.05,2.1,2.1,0,100
194,192,186,1.05,2.1,2.1,1.05,100
195,193,187,1.05,2.1,2.1,1.05,100
194,192,186,1.05,2.1,2.1,1.05,100
195,193,187,1.05,2.1,2.1,1.05,100
192,190,184,1.05,2.1,2.1,1.05,100
245,216,197,1.05,3.15,0,0,100
245,215,196,1.05,3.15,0,0,100
243,216,197,1.05,3.15,0,0,100
242,214,195,1.05,3.15,0,0,100
243,214,195,1.05,3.15,0,0,100
197,191,183,1.05,3.15,0,1.05,100
196,190,183,1.05,3.15,0,1.05,100
197,191,183,1.05,3.15,0,1.05,100
195,190,182,1.05,3.15,0,1.05,100
198,193,185,1.05,3.15,0,1.05,100
176,175,171,1.05,3.15,0,2.1,100
175,174,170,1.05,3.15,0,2.1,100
176,175,171,1.05,3.15,0,2.1,100
176,175,171,1.05,3.15,0,2.1,100
176,176,172,1.05,3.15,0,2.1,100
235,217,196,1.05,3.15,1.05,0,100
233,216,196,1.05,3.15,1.05,0,100
231,214,193,1.05,3.15,1.05,0,100
236,218,196,1.05,3.15,1.05,0,100
233,216,195,1.05,3.15,1.05,0,100
194,191,182,1.05,3.15,1.05,1.05,100
194,192,182,1.05,3.15,1.05,1.05,100
196,193,184,1.05,3.15,1.05,1.05,100
195,193,183,1.05,3.15,1.05,1.05,100
195,193,184,1.05,3.15,1.05,1.05,100
243,215,189,1.05,4.2,0,0,100
242,213,188,1.05,4.2,0,0,100
242,213,187,1.05,4.2,0,0,100
240,213,187,1.05,4.2,0,0,100
241,214,189,1.05,4.2,0,0,100
198,192,180,1.05,4.2,0,1.05,100
198,193,181,1.05,4.2,0,1.05,100
199,193,181,1.05,4.2,0,1.05,100
198,192,180,1.05,4.2,0,1.05,100
195,189,177,1.05,4.2,0,1.05,100
247,208,216,2.1,0,0,0,100
246,207,215,2.1,0,0,0,100
245,206,214,2.1,0,0,0,100
247,207,215,2.1,0,0,0,100
250,210,218,2.1,0,0,0,100
193,184,190,2.1,0,0,1.05,100
191,182,188,2.1,0,0,1.05,100
193,184,189,2.1,0,0,1.05,100
194,184,190,2.1,0,0,1.05,100
194,184,190,2.1,0,0,1.05,100
175,171,176,2.1,0,0,2.1,100
175,170,175,2.1,0,0,2.1,100
176,172,178,2.1,0,0,2.1,100
176,173,178,2.1,0,0,2.1,100
175,171,176,2.1,0,0,2.1,100
164,163,168,2.1,0,0,3.15,100
168,165,170,2.1,0,0,3.15,100
165,164,169,2.1,0,0,3.15,100
166,164,169,2.1,0,0,3.15,100
163,161,166,2.1,0,0,3.15,100
155,155,160,2.1,0,0,4.2,100
155,155,160,2.1,0,0,4.2,100
155,156,161,2.1,0,0,4.2,100
155,155,160,2.1,0,0,4.2,100
153,154,159,2.1,0,0,4.2,100
227,208,219,2.1,0,1.05,0,100
225,203,217,2.1,0,1.05,0,100
225,205,217,2.1,0,1.05,0,100
225,205,217,2.1,0,1.05,0,100
225,205,217,2.1,0,1.05,0,100
187,183,190,2.1,0,1.05,1.05,100
186,182,188,2.1,0,1.05,1.05,100
186,182,188,2.1,0,1.05,1.05,100
187,183,189,2.1,0,1.05,1.05,100
185,181,187,2.1,0,1.05,1.05,100
169,169,175,2.1,0,1.05,2.1,100
167,167,173,2.1,0,1.05,2.1,100
169,169,175,2.1,0,1.05,2.1,100
170,170,176,2.1,0,1.05,2.1,100
170,170,176,2.1,0,1.05,2.1,100
156,158,163,2.1,0,1.05,3.15,100
156,157,162,2.1,0,1.05,3.15,100
155,157,162,2.1,0,1.05,3.15,100
157,159,164,2.1,0,1.05,3.15,100
159,159,165,2.1,0,1.05,3.15,100
228,204,216,2.1,0,2.1,0,100
227,203,215,2.1,0,2.1,0,100
226,202,213,2.1,0,2.1,0,100
227,203,214,2.1,0,2.1,0,100
226,203,215,2.1,0,2.1,0,100
195,187,195,2.1,0,2.1,1.05,100
193,185,193,2.1,0,2.1,1.05,100
192,184,192,2.1,0,2.1,1.05,100
197,188,195,2.1,0,2.1,1.05,100
194,186,193,2.1,0,2.1,1.05,100
177,175,181,2.1,0,2.1,2.1,100
176,173,180,2.1,0,2.1,2.1,100
177,174,180,2.1,0,2.1,2.1,100
178,175,182,2.1,0,2.1,2.1,100
177,174,178,2.1,0,2.1,2.1,100
221,203,216,2.1,0,3.15,0,100
222,203,216,2.1,0,3.15,0,100
220,201,214,2.1,0,3.15,0,100
222,203,216,2.1,0,3.15,0,100
222,203,216,2.1,0,3.15,0,100
185,180,188,2.1,0,3.15,1.05,100
185,180,188,2.1,0,3.15,1.05,100
187,181,189,2.1,0,3.15,1.05,100
184,180,188,2.1,0,3.15,1.05,100
187,182,189,2.1,0,3.15,1.05,100
247,209,205,2.1,1.05,0,0,100
247,207,205,2.1,1.05,0,0,100
247,211,207,2.1,1.05,0,0,100
245,211,208,2.1,1.05,0,0,100
243,208,205,2.1,1.05,0,0,100
194,186,186,2.1,1.05,0,1.05,100
194,186,186,2.1,1.05,0,1.05,100
102,184,185,2.1,1.05,0,1.05,100
194,187,187,2.1,1.05,0,1.05,100
196,187,188,2.1,1.05,0,1.05,100
175,173,174,2.1,1.05,0,2.1,100
175,172,173,2.1,1.05,0,2.1,100
177,173,175,2.1,1.05,0,2.1,100
177,174,175,2.1,1.05,0,2.1,100
177,174,175,2.1,1.05,0,2.1,100
163,161,164,2.1,1.05,0,3.15,100
162,162,164,2.1,1.05,0,3.15,100
163,162,165,2.1,1.05,0,3.15,100
162,161,164,2.1,1.05,0,3.15,100
163,162,164,2.1,1.05,0,3.15,100
236,206,204,2.1,1.05,1.05,0,100
236,207,206,2.1,1.05,1.05,0,100
234,205,204,2.1,1.05,1.05,0,100
236,205,205,2.1,1.05,1.05,0,100
236,207,206,2.1,1.05,1.05,0,100
195,187,188,2.1,1.05,1.05,1.05,100
196,187,189,2.1,1.05,1.05,1.05,100
197,188,189,2.1,1.05,1.05,1.05,100
196,187,188,2.1,1.05,1.05,1.05,100
193,185,186,2.1,1.05,1.05,1.05,100
178,175,177,2.1,1.05,1.05,2.1,100
177,175,177,2.1,1.05,1.05,2.1,100
178,175,177,2.1,1.05,1.05,2.1,100
179,176,178,2.1,1.05,1.05,2.1,100
180,176,178,2.1,1.05,1.05,2.1,100
225,203,203,2.1,1.05,2.1,0,100
228,204,205,2.1,1.05,2.1,0,100
228,205,206,2.1,1.05,2.1,0,100
228,205,206,2.1,1.05,2.1,0,100
227,203,204,2.1,1.05,2.1,0,100
192,186,188,2.1,1.05,2.1,1.05,100
193,187,189,2.1,1.05,2.1,1.05,100
194,187,188,2.1,1.05,2.1,1.05,100
193,186,189,2.1,1.05,2.1,1.05,100
192,186,188,2.1,1.05,2.1,1.05,100
247,209,199,2.1,2.1,0,0,100
249,209,199,2.1,2.1,0,0,100
247,209,199,2.1,2.1,0,0,100
249,209,199,2.1,2.1,0,0,100
248,209,199,2.1,2.1,0,0,100
196,187,183,2.1,2.1,0,1.05,100
193,184,181,2.1,2.1,0,1.05,100
194,185,181,2.1,2.1,0,1.05,100
194,185,183,2.1,2.1,0,1.05,100
196,186,183,2.1,2.1,0,1.05,100
175,172,171,2.1,2.1,0,2.1,100
175,172,171,2.1,2.1,0,2.1,100
177,173,173,2.1,2.1,0,2.1,100
176,172,171,2.1,2.1,0,2.1,100
174,170,170,2.1,2.1,0,2.1,100
237,207,198,2.1,2.1,1.05,0,100
234,204,196,2.1,2.1,1.05,0,100
233,203,194,2.1,2.1,1.05,0,100
236,206,198,2.1,2.1,1.05,0,100
236,207,199,2.1,2.1,1.05,0,100
189,182,179,2.1,2.1,1.05,1.05,100
188,180,178,2.1,2.1,1.05,1.05,100
191,184,181,2.1,2.1,1.05,1.05,100
188,180,178,2.1,2.1,1.05,1.05,100
190,183,180,2.1,2.1,1.05,1.05,100
249,209,193,2.1,3.15,0,0,100
248,210,194,2.1,3.15,0,0,100
247,207,193,2.1,3.15,0,0,100
249,211,196,2.1,3.15,0,0,100
247,210,195,2.1,3.15,0,0,100
197,188,180,2.1,3.15,0,1.05,100
196,186,179,2.1,3.15,0,1.05,100
198,188,181,2.1,3.15,0,1.05,100
199,188,180,2.1,3.15,0,1.05,100
196,187,179,2.1,3.15,0,1.05,100
245,199,208,3.15,0,0,0,100
246,200,209,3.15,0,0,0,100
247,201,210,3.15,0,0,0,100
244,199,208,3.15,0,0,0,100
244,199,208,3.15,0,0,0,100
206,189,197,3.15,0,0,1.05,100
205,188,195,3.15,0,0,1.05,100
206,188,196,3.15,0,0,1.05,100
204,186,194,3.15,0,0,1.05,100
204,187,195,3.15,0,0,1.05,100
180,172,179,3.15,0,0,2.1,100
182,173,180,3.15,0,0,2.1,100
180,172,179,3.15,0,0,2.1,100
182,174,180,3.15,0,0,2.1,100
180,172,178,3.15,0,0,2.1,100
166,161,167,3.15,0,0,3.15,100
166,162,168,3.15,0,0,3.15,100
167,162,168,3.15,0,0,3.15,100
167,162,167,3.15,0,0,3.15,100
168,162,168,3.15,0,0,3.15,100
235,197,208,3.15,0,1.05,0,100
235,199,210,3.15,0,1.05,0,100
233,196,207,3.15,0,1.05,0,100
236,198,210,3.15,0,1.05,0,100
236,196,209,3.15,0,1.05,0,100
194,181,189,3.15,0,1.05,1.05,100
194,179,187,3.15,0,1.05,1.05,100
193,180,188,3.15,0,1.05,1.05,100
193,179,186,3.15,0,1.05,1.05,100
197,182,180,3.15,0,1.05,1.05,100
179,171,178,3.15,0,1.05,2.1,100
179,171,178,3.15,0,1.05,2.1,100
180,172,179,3.15,0,1.05,2.1,100
177,170,177,3.15,0,1.05,2.1,100
177,170,177,3.15,0,1.05,2.1,100
227,195,208,3.15,0,2.1,0,100
226,195,208,3.15,0,2.1,0,100
226,195,208,3.15,0,2.1,0,100
224,193,205,3.15,0,2.1,0,100
228,196,209,3.15,0,2.1,0,100
188,177,185,3.15,0,2.1,1.05,100
188,177,185,3.15,0,2.1,1.05,100
189,178,186,3.15,0,2.1,1.05,100
189,178,186,3.15,0,2.1,1.05,100
188,177,186,3.15,0,2.1,1.05,100
244,198,198,3.15,1.05,0,0,100
243,196,196,3.15,1.05,0,0,100
247,198,199,3.15,1.05,0,0,100
246,197,198,3.15,1.05,0,0,100
247,197,197,3.15,1.05,0,0,100
199,183,185,3.15,1.05,0,1.05,100
200,184,186,3.15,1.05,0,1.05,100
199,183,185,3.15,1.05,0,1.05,100
199,183,185,3.15,1.05,0,1.05,100
200,184,186,3.15,1.05,0,1.05,100
179,171,174,3.15,1.05,0,2.1,100
179,171,174,3.15,1.05,0,2.1,100
179,171,174,3.15,1.05,0,2.1,100
181,172,175,3.15,1.05,0,2.1,100
180,172,175,3.15,1.05,0,2.1,100
237,197,201,3.15,1.05,1.05,0,100
238,198,202,3.15,1.05,1.05,0,100
238,200,204,3.15,1.05,1.05,0,100
239,199,204,3.15,1.05,1.05,0,100
235,199,203,3.15,1.05,1.05,0,100
201,184,188,3.15,1.05,1.05,1.05,100
199,184,188,3.15,1.05,1.05,1.05,100
200,184,187,3.15,1.05,1.05,1.05,100
200,184,188,3.15,1.05,1.05,1.05,100
197,181,184,3.15,1.05,1.05,1.05,100
251,200,194,3.15,2.1,0,0,100
250,201,196,3.15,2.1,0,0,100
250,200,195,3.15,2.1,0,0,100
250,202,197,3.15,2.1,0,0,100
250,201,195,3.15,2.1,0,0,100
197,183,183,3.15,2.1,0,1.05,100
198,183,183,3.15,2.1,0,1.05,100
200,184,184,3.15,2.1,0,1.05,100
197,182,181,3.15,2.1,0,1.05,100
198,182,181,3.15,2.1,0,1.05,100
247,193,204,4.2,0,0,0,100
247,193,203,4.2,0,0,0,100
245,193,203,4.2,0,0,0,100
248,194,204,4.2,0,0,0,100
247,194,204,4.2,0,0,0,100
199,180,188,4.2,0,0,1.05,100
201,181,189,4.2,0,0,1.05,100
199,180,188,4.2,0,0,1.05,100
196,177,186,4.2,0,0,1.05,100
196,177,186,4.2,0,0,1.05,100
180,168,175,4.2,0,0,2.1,100
181,168,175,4.2,0,0,2.1,100
180,167,174,4.2,0,0,2.1,100
179,167,175,4.2,0,0,2.1,100
181,169,176,4.2,0,0,2.1,100
239,194,206,4.2,0,1.05,0,100
238,193,205,4.2,0,1.05,0,100
239,194,206,4.2,0,1.05,0,100
240,194,207,4.2,0,1.05,0,100
240,195,207,4.2,0,1.05,0,100
194,177,186,4.2,0,1.05,1.05,100
193,177,186,4.2,0,1.05,1.05,100
194,178,187,4.2,0,1.05,1.05,100
193,177,186,4.2,0,1.05,1.05,100
192,177,185,4.2,0,1.05,1.05,100
246,189,192,4.2,1.05,0,0,100
246,191,193,4.2,1.05,0,0,100
246,192,194,4.2,1.05,0,0,100
247,192,195,4.2,1.05,0,0,100
246,191,193,4.2,1.05,0,0,100
190,173,177,4.2,1.05,0,1.05,100
189,172,176,4.2,1.05,0,1.05,100
190,173,176,4.2,1.05,0,1.05,100
191,174,178,4.2,1.05,0,1.05,100
192,174,178,4.2,1.05,0,1.05,100
247,185,196,5.25,0,0,0,100
246,186,198,5.25,0,0,0,100
247,186,198,5.25,0,0,0,100
248,186,198,5.25,0,0,0,100
249,187,199,5.25,0,0,0,100
193,171,180,5.25,0,0,1.05,100
194,172,181,5.25,0,0,1.05,100
195,172,181,5.25,0,0,1.05,100
195,172,181,5.25,0,0,1.05,100
195,172,182,5.25,0,0,1.05,100
243,179,191,6.3,0,0,0,100
245,179,191,6.3,0,0,0,100
243,178,190,6.3,0,0,0,100
245,179,191,6.3,0,0,0,100
245,179,191,6.3,0,0,0,100
245,183,188,6.3,1.05,0,0,100
247,183,188,6.3,1.05,0,0,100
247,183,188,6.3,1.05,0,0,100
243,183,188,6.3,1.05,0,0,100
246,182,187,6.3,1.05,0,0,100
249,183,183,6.3,2.1,0,0,100
249,182,182,6.3,2.1,0,0,100
250,184,184,6.3,2.1,0,0,100
249,184,184,6.3,2.1,0,0,100
247,182,182,6.3,2.1,0,0,100
196,170,172,6.3,3.15,0,0,100
197,170,173,6.3,3.15,0,0,100
197,171,175,6.3,3.15,0,0,100
197,170,173,6.3,3.15,0,0,100
198,171,174,6.3,3.15,0,0,100
176,160,163,6.3,3.15,0,1.05,100
178,162,166,6.3,3.15,0,1.05,100
176,160,164,6.3,3.15,0,1.05,100
176,160,163,6.3,3.15,0,1.05,100
175,159,162,6.3,3.15,0,1.05,100
122,198,238,0,0,1.26,0,20
123,198,236,0,0,1.26,0,20
124,198,237,0,0,1.26,0,20
124,200,239,0,0,1.26,0,20
123,198,237,0,0,1.26,0,20
140,190,224,0.21,0,1.26,0,20
139,190,224,0.21,0,1.26,0,20
138,189,222,0.21,0,1.26,0,20
140,190,225,0.21,0,1.26,0,20
138,188,221,0.21,0,1.26,0,20
143,182,214,0.42,0,1.26,0,20
143,183,215,0.42,0,1.26,0,20
143,182,215,0.42,0,1.26,0,20
144,183,216,0.42,0,1.26,0,20
142,180,212,0.42,0,1.26,0,20
147,176,207,0.63,0,1.26,0,20
148,176,207,0.63,0,1.26,0,20
147,176,207,0.63,0,1.26,0,20
146,175,206,0.63,0,1.26,0,20
147,175,206,0.63,0,1.26,0,20
149,169,199,0.84,0,1.26,0,20
149,170,200,0.84,0,1.26,0,20
149,171,201,0.84,0,1.26,0,20
150,172,203,0.84,0,1.26,0,20
150,171,202,0.84,0,1.26,0,20
141,206,221,0,0.21,1.05,0,20
142,206,221,0,0.21,1.05,0,20
140,205,221,0,0.21,1.05,0,20
141,205,220,0,0.21,1.05,0,20
141,205,220,0,0.21,1.05,0,20
142,205,209,0,0.42,1.05,0,20
142,205,209,0,0.42,1.05,0,20
143,206,209,0,0.42,1.05,0,20
144,205,208,0,0.42,1.05,0,20
142,205,208,0,0.42,1.05,0,20
141,203,200,0,0.63,1.05,0,20
142,205,202,0,0.63,1.05,0,20
142,205,202,0,0.63,1.05,0,20
143,204,200,0,0.63,1.05,0,20
143,205,202,0,0.63,1.05,0,20
142,204,195,0,0.84,1.05,0,20
142,203,193,0,0.84,1.05,0,20
143,206,197,0,0.84,1.05,0,20
143,205,196,0,0.84,1.05,0,20
142,205,195,0,0.84,1.05,0,20
143,204,190,0,1.05,1.05,0,20
142,204,190,0,1.05,1.05,0,20
145,207,198,0,1.05,1.05,0,20
143,204,190,0,1.05,1.05,0,20
144,205,191,0,1.05,1.05,0,20
156,212,216,0,0.42,0.84,0,20
155,212,216,0,0.42,0.84,0,20
153,209,214,0,0.42,0.84,0,20
152,209,213,0,0.42,0.84,0,20
154,210,214,0,0.42,0.84,0,20
164,187,199,0.42,0.42,0.84,0,20
164,187,200,0.42,0.42,0.84,0,20
164,187,199,0.42,0.42,0.84,0,20
165,188,201,0.42,0.42,0.84,0,20
163,187,200,0.42,0.42,0.84,0,20
169,185,199,0.63,0.42,0.84,0,20
169,185,199,0.63,0.42,0.84,0,20
166,181,195,0.63,0.42,0.84,0,20
170,186,200,0.63,0.42,0.84,0,20
167,183,197,0.63,0.42,0.84,0,20
175,178,194,1.05,0.42,0.84,0,20
174,177,193,1.05,0.42,0.84,0,20
174,177,193,1.05,0.42,0.84,0,20
174,176,193,1.05,0.42,0.84,0,20
174,176,193,1.05,0.42,0.84,0,20
162,173,192,1.05,0.42,1.05,0.21,20
161,172,190,1.05,0.42,1.05,0.21,20
161,172,191,1.05,0.42,1.05,0.21,20
161,172,191,1.05,0.42,1.05,0.21,20
160,171,190,1.05,0.42,1.05,0.21,20
164,218,206,0,0.63,0.63,0,20
164,218,208,0,0.63,0.63,0,20
164,218,208,0,0.63,0.63,0,20
164,218,207,0,0.63,0.63,0,20
164,218,207,0,0.63,0.63,0,20
164,206,200,0,0.63,0.63,0.21,20
166,208,202,0,0.63,0.63,0.21,20
166,208,202,0,0.63,0.63,0.21,20
165,207,201,0,0.63,0.63,0.21,20
166,208,202,0,0.63,0.63,0.21,20
153,202,202,0,0.63,0.84,0.21,20
154,203,202,0,0.63,0.84,0.21,20
151,202,202,0,0.63,0.84,0.21,20
154,203,203,0,0.63,0.84,0.21,20
152,201,201,0,0.63,0.84,0.21,20
153,196,192,0,0.84,0.84,0.42,20
154,197,194,0,0.84,0.84,0.42,20
154,197,194,0,0.84,0.84,0.42,20
153,197,193,0,0.84,0.84,0.42,20
154,197,194,0,0.84,0.84,0.42,20
174,223,205,0,0.84,0.42,0,20
171,220,202,0,0.84,0.42,0,20
174,223,205,0,0.84,0.42,0,20
174,224,206,0,0.84,0.42,0,20
174,223,205,0,0.84,0.42,0,20
175,214,202,0,0.84,0.42,0.21,20
173,212,199,0,0.84,0.42,0.21,20
172,213,199,0,0.84,0.42,0.21,20
172,211,199,0,0.84,0.42,0.21,20
174,214,201,0,0.84,0.42,0.21,20
154,172,169,0,0.84,0.42,0.42,20
155,173,171,0,0.84,0.42,0.42,20
155,172,169,0,0.84,0.42,0.42,20
154,172,170,0,0.84,0.42,0.42,20
154,172,169,0,0.84,0.42,0.42,20
154,172,167,0,1.05,0.42,0.42,10
155,172,168,0,1.05,0.42,0.42,10
155,173,169,0,1.05,0.42,0.42,10
157,174,169,0,1.05,0.42,0.42,10
154,171,167,0,1.05,0.42,0.42,10
146,162,160,0,1.05,0.63,0.63,20
147,162,160,0,1.05,0.63,0.63,20
147,162,160,0,1.05,0.63,0.63,20
147,162,160,0,1.05,0.63,0.63,20
146,162,160,0,1.05,0.63,0.63,20
195,230,195,0,1.05,0.21,0,20
198,233,198,0,1.05,0.21,0,20
194,229,194,0,1.05,0.21,0,20
195,231,196,0,1.05,0.21,0,20
197,231,196,0,1.05,0.21,0,20
195,232,200,0,1.05,0.42,0,20
192,229,197,0,1.05,0.42,0,20
193,228,197,0,1.05,0.42,0,20
191,228,196,0,1.05,0.42,0,20
194,229,197,0,1.05,0.42,0,20
202,210,192,0.21,1.05,0.42,0,20
200,209,191,0.21,1.05,0.42,0,20
202,211,193,0.21,1.05,0.42,0,20
203,212,194,0.21,1.05,0.42,0,20
201,210,192,0.21,1.05,0.42,0,20
199,198,187,0.42,1.05,0.63,0.21,20
201,199,189,0.42,1.05,0.63,0.21,20
202,200,190,0.42,1.05,0.63,0.21,20
201,199,189,0.42,1.05,0.63,0.21,20
200,199,189,0.42,1.05,0.63,0.21,20
204,193,186,0.63,1.05,0.63,0.21,20
204,193,187,0.63,1.05,0.63,0.21,20
203,192,185,0.63,1.05,0.63,0.21,20
205,195,188,0.63,1.05,0.63,0.21,20
205,194,187,0.63,1.05,0.63,0.21,20
249,250,194,0,1.26,0,0,20
251,251,194,0,1.26,0,0,20
250,250,193,0,1.26,0,0,20
250,250,193,0,1.26,0,0,20
252,252,195,0,1.26,0,0,20
254,221,188,0.21,1.26,0,0,20
255,226,193,0.21,1.26,0,0,20
253,221,188,0.21,1.26,0,0,20
253,222,189,0.21,1.26,0,0,20
252,222,189,0.21,1.26,0,0,20
255,211,186,0.42,1.26,0,0,20
255,212,188,0.42,1.26,0,0,20
252,210,185,0.42,1.26,0,0,20
255,211,187,0.42,1.26,0,0,20
255,211,187,0.42,1.26,0,0,20
203,185,174,0.63,1.26,0,0.21,20
204,185,175,0.63,1.26,0,0.21,20
204,185,174,0.63,1.26,0,0.21,20
202,184,173,0.63,1.26,0,0.21,20
203,184,174,0.63,1.26,0,0.21,20
181,168,163,0.84,1.26,0,0.42,20
182,168,164,0.84,1.26,0,0.42,20
182,168,164,0.84,1.26,0,0.42,20
181,167,162,0.84,1.26,0,0.42,20
182,168,164,0.84,1.26,0,0.42,20
213,211,228,0.21,0,1.05,0,20
215,213,231,0.21,0,1.05,0,20
214,212,229,0.21,0,1.05,0,20
212,211,228,0.21,0,1.05,0,20
211,209,227,0.21,0,1.05,0,20
218,204,221,0.42,0,1.05,0,20
219,205,222,0.42,0,1.05,0,20
218,204,221,0.42,0,1.05,0,20
220,206,223,0.42,0,1.05,0,20
219,205,221,0.42,0,1.05,0,20
194,184,196,0.63,0,1.05,0.21,20
192,183,194,0.63,0,1.05,0.21,20
191,182,193,0.63,0,1.05,0.21,20
193,184,196,0.63,0,1.05,0.21,20
193,184,195,0.63,0,1.05,0.21,20
174,169,178,0.63,0,1.05,0.42,20
174,170,180,0.63,0,1.05,0.42,20
174,169,179,0.63,0,1.05,0.42,20
175,170,180,0.63,0,1.05,0.42,20
173,169,178,0.63,0,1.05,0.42,20
175,166,176,0.84,0,1.05,0.42,20
176,167,178,0.84,0,1.05,0.42,20
177,168,179,0.84,0,1.05,0.42,20
176,167,178,0.84,0,1.05,0.42,20
177,168,179,0.84,0,1.05,0.42,20
221,220,218,0.21,0.21,0.84,0,20
220,219,217,0.21,0.21,0.84,0,20
219,219,216,0.21,0.21,0.84,0,20
220,219,216,0.21,0.21,0.84,0,20
220,219,217,0.21,0.21,0.84,0,20
221,222,209,0.21,0.42,0.84,0,20
220,221,208,0.21,0.42,0.84,0,20
221,221,208,0.21,0.42,0.84,0,20
220,220,207,0.21,0.42,0.84,0,20
218,219,206,0.21,0.42,0.84,0,20
222,207,197,0.42,0.63,0.84,0,20
224,209,198,0.42,0.63,0.84,0,20
223,209,199,0.42,0.63,0.84,0,20
224,209,199,0.42,0.63,0.84,0,20
223,208,197,0.42,0.63,0.84,0,20
224,200,195,0.63,0.63,0.84,0,20
223,200,195,0.63,0.63,0.84,0,20
224,200,194,0.63,0.63,0.84,0,20
226,202,197,0.63,0.63,0.84,0,20
225,201,195,0.63,0.63,0.84,0,20
174,169,169,0.63,0.63,0.84,0.42,20
173,169,169,0.63,0.63,0.84,0.42,20
175,170,170,0.63,0.63,0.84,0.42,20
177,171,170,0.63,0.63,0.84,0.42,20
176,170,170,0.63,0.63,0.84,0.42,20
227,219,210,0.21,0.42,0.63,0,20
228,220,212,0.21,0.42,0.63,0,20
227,219,210,0.21,0.42,0.63,0,20
225,217,208,0.21,0.42,0.63,0,20
226,218,210,0.21,0.42,0.63,0,20
227,220,204,0.21,0.63,0.63,0,20
226,219,204,0.21,0.63,0.63,0,20
227,220,205,0.21,0.63,0.63,0,20
225,218,203,0.21,0.63,0.63,0,20
225,218,202,0.21,0.63,0.63,0,20
185,187,183,0.21,0.63,0.63,0.21,20
184,186,180,0.21,0.63,0.63,0.21,20
183,186,181,0.21,0.63,0.63,0.21,20
186,188,183,0.21,0.63,0.63,0.21,20
183,185,180,0.21,0.63,0.63,0.21,20
233,218,203,0.21,0.63,0.42,0,20
236,220,206,0.21,0.63,0.42,0,20
233,218,204,0.21,0.63,0.42,0,20
233,219,204,0.21,0.63,0.42,0,20
231,216,201,0.21,0.63,0.42,0,20
193,184,183,0.42,0.63,0.42,0.21,20
192,183,181,0.42,0.63,0.42,0.21,20
194,185,183,0.42,0.63,0.42,0.21,20
192,183,181,0.42,0.63,0.42,0.21,20
194,185,183,0.42,0.63,0.42,0.21,20
175,171,171,0.42,0.63,0.63,0.42,20
175,172,172,0.42,0.63,0.63,0.42,20
176,172,172,0.42,0.63,0.63,0.42,20
177,174,174,0.42,0.63,0.63,0.42,20
177,174,174,0.42,0.63,0.63,0.42,20
241,221,198,0.21,0.84,0.21,0,20
241,221,199,0.21,0.84,0.21,0,20
239,220,197,0.21,0.84,0.21,0,20
240,220,197,0.21,0.84,0.21,0,20
240,220,198,0.21,0.84,0.21,0,20
198,194,183,0.21,0.84,0.21,0.21,20
198,194,183,0.21,0.84,0.21,0.21,20
199,196,184,0.21,0.84,0.21,0.21,20
199,195,184,0.21,0.84,0.21,0.21,20
198,194,183,0.21,0.84,0.21,0.21,20
181,176,172,0.42,0.84,0.21,0.42,20
182,177,173,0.42,0.84,0.21,0.42,20
180,175,171,0.42,0.84,0.21,0.42,20
182,177,173,0.42,0.84,0.21,0.42,20
181,176,172,0.42,0.84,0.21,0.42,20
255,221,191,0.21,1.05,0,0,20
255,220,190,0.21,1.05,0,0,20
254,220,190,0.21,1.05,0,0,20
255,220,189,0.21,1.05,0,0,20
254,220,189,0.21,1.05,0,0,20
203,187,177,0.42,1.05,0,0.21,20
205,189,178,0.42,1.05,0,0.21,20
204,188,177,0.42,1.05,0,0.21,20
203,187,177,0.42,1.05,0,0.21,20
204,188,178,0.42,1.05,0,0.21,20
206,183,172,0.63,1.26,0,0.21,20
204,181,170,0.63,1.26,0,0.21,20
205,182,171,0.63,1.26,0,0.21,20
205,182,171,0.63,1.26,0,0.21,20
206,183,172,0.63,1.26,0,0.21,20
223,206,221,0.42,0,0.84,0,20
221,204,219,0.42,0,0.84,0,20
224,207,222,0.42,0,0.84,0,20
224,206,221,0.42,0,0.84,0,20
224,206,221,0.42,0,0.84,0,20
221,200,217,0.63,0,1.05,0,20
219,198,214,0.63,0,1.05,0,20
220,197,214,0.63,0,1.05,0,20
222,200,217,0.63,0,1.05,0,20
221,198,215,0.63,0,1.05,0,20
182,177,188,0.63,0,1.26,0.21,20
183,178,189,0.63,0,1.26,0.21,20
184,178,189,0.63,0,1.26,0.21,20
184,178,189,0.63,0,1.26,0.21,20
184,179,190,0.63,0,1.26,0.21,20
227,202,207,0.42,0.21,0.63,0,20
228,203,208,0.42,0.21,0.63,0,20
229,204,209,0.42,0.21,0.63,0,20
226,202,206,0.42,0.21,0.63,0,20
228,202,206,0.42,0.21,0.63,0,20
227,203,198,0.42,0.42,0.63,0,20
255,201,197,0.42,0.42,0.63,0,20
227,203,198,0.42,0.42,0.63,0,20
230,206,201,0.42,0.42,0.63,0,20
224,201,196,0.42,0.42,0.63,0,20
187,176,178,0.63,0.42,0.63,0.21,20
188,177,179,0.63,0.42,0.63,0.21,20
187,176,179,0.63,0.42,0.63,0.21,20
188,176,179,0.63,0.42,0.63,0.21,20
185,173,176,0.63,0.42,0.63,0.21,20
230,209,204,0.42,0.42,0.42,0,20
233,211,206,0.42,0.42,0.42,0,20
232,210,205,0.42,0.42,0.42,0,20
230,208,203,0.42,0.42,0.42,0,20
233,211,205,0.42,0.42,0.42,0,20
184,181,181,0.42,0.42,0.42,0.21,20
185,181,182,0.42,0.42,0.42,0.21,20
185,182,182,0.42,0.42,0.42,0.21,20
184,180,180,0.42,0.42,0.42,0.21,20
185,181,181,0.42,0.42,0.42,0.21,20
170,169,171,0.42,0.42,0.42,0.42,20
168,168,169,0.42,0.42,0.42,0.42,20
171,170,172,0.42,0.42,0.42,0.42,20
171,170,172,0.42,0.42,0.42,0.42,20
171,171,172,0.42,0.42,0.42,0.42,20
244,208,200,0.42,0.63,0.21,0,20
243,208,199,0.42,0.63,0.21,0,20
243,208,199,0.42,0.63,0.21,0,20
241,206,197,0.42,0.63,0.21,0,20
242,207,198,0.42,0.63,0.21,0,20
234,198,195,0.63,0.63,0.42,0,20
236,200,197,0.63,0.63,0.42,0,20
234,198,195,0.63,0.63,0.42,0,20
236,199,197,0.63,0.63,0.42,0,20
234,198,195,0.63,0.63,0.42,0,20
191,179,180,0.63,0.63,0.42,0.21,20
191,178,178,0.63,0.63,0.42,0.21,20
190,178,178,0.63,0.63,0.42,0.21,20
191,179,180,0.63,0.63,0.42,0.21,20
192,179,179,0.63,0.63,0.42,0.21,20
246,206,189,0.42,0.84,0,0,20
248,207,191,0.42,0.84,0,0,20
248,207,190,0.42,0.84,0,0,20
247,206,189,0.42,0.84,0,0,20
246,205,189,0.42,0.84,0,0,20
220,205,196,0.42,0.84,0.21,0,20
220,205,196,0.42,0.84,0.21,0,20
218,204,195,0.42,0.84,0.21,0,20
219,205,196,0.42,0.84,0.21,0,20
217,203,194,0.42,0.84,0.21,0,20
191,187,182,0.42,0.84,0.21,0.21,20
190,185,181,0.42,0.84,0.21,0.21,20
189,184,180,0.42,0.84,0.21,0.21,20
189,185,181,0.42,0.84,0.21,0.21,20
189,185,180,0.42,0.84,0.21,0.21,20
169,163,163,0.63,0.63,0,0.63,20
169,163,163,0.63,0.63,0,0.63,20
171,165,165,0.63,0.63,0,0.63,20
169,164,164,0.63,0.63,0,0.63,20
166,161,160,0.63,0.63,0,0.63,20
166,163,165,0.63,0.63,0.21,0.63,20
166,163,165,0.63,0.63,0.21,0.63,20
165,163,165,0.63,0.63,0.21,0.63,20
165,163,165,0.63,0.63,0.21,0.63,20
169,166,168,0.63,0.63,0.21,0.63,20
162,160,164,0.84,0.63,0.42,0.63,20
163,160,165,0.84,0.63,0.42,0.63,20
163,160,165,0.84,0.63,0.42,0.63,20
161,159,164,0.84,0.63,0.42,0.63,20
163,160,165,0.84,0.63,0.42,0.63,20
188,193,217,0.63,0,0.63,0,20
189,194,218,0.63,0,0.63,0,20
186,191,214,0.63,0,0.63,0,20
186,191,215,0.63,0,0.63,0,20
186,190,214,0.63,0,0.63,0,20
169,174,189,0.63,0,0.63,0.21,20
168,174,188,0.63,0,0.63,0.21,20
169,174,189,0.63,0,0.63,0.21,20
168,174,188,0.63,0,0.63,0.21,20
171,177,191,0.63,0,0.63,0.21,20
160,166,178,0.63,0,0.63,0.42,20
160,166,178,0.63,0,0.63,0.42,20
159,164,176,0.63,0,0.63,0.42,20
161,167,179,0.63,0,0.63,0.42,20
159,166,178,0.63,0,0.63,0.42,20
255,202,199,0.63,0.42,0,0,20
255,203,201,0.63,0.42,0,0,20
253,203,200,0.63,0.42,0,0,20
253,202,199,0.63,0.42,0,0,20
255,204,201,0.63,0.42,0,0,20
191,178,180,0.63,0.42,0,0.42,20
191,178,180,0.63,0.42,0,0.42,20
192,179,181,0.63,0.42,0,0.42,20
189,176,177,0.63,0.42,0,0.42,20
193,180,182,0.63,0.42,0,0.42,20
173,166,169,0.63,0.42,0,0.63,20
174,168,170,0.63,0.42,0,0.63,20
173,166,169,0.63,0.42,0,0.63,20
173,166,169,0.63,0.42,0,0.63,20
171,165,167,0.63,0.42,0,0.63,20
208,202,207,0.63,0.42,0.42,0,20
206,200,204,0.63,0.42,0.42,0,20
206,200,205,0.63,0.42,0.42,0,20
205,199,204,0.63,0.42,0.42,0,20
205,198,203,0.63,0.42,0.42,0,20
162,164,169,0.63,0.42,0.42,0.63,20
163,165,170,0.63,0.42,0.42,0.63,20
164,165,169,0.63,0.42,0.42,0.63,20
162,164,169,0.63,0.42,0.42,0.63,20
164,165,170,0.63,0.42,0.42,0.63,20
134,137,141,0.84,0.63,0.42,1.05,20
134,137,141,0.84,0.63,0.42,1.05,20
133,136,140,0.84,0.63,0.42,1.05,20
132,135,140,0.84,0.63,0.42,1.05,20
134,137,141,0.84,0.63,0.42,1.05,20
252,203,194,0.63,0.63,0,0,20
252,203,194,0.63,0.63,0,0,20
248,201,191,0.63,0.63,0,0,20
249,202,193,0.63,0.63,0,0,20
252,204,196,0.63,0.63,0,0,20
160,154,154,0.84,0.63,0.42,1.05,20
158,153,152,0.84,0.63,0.42,1.05,20
158,152,152,0.84,0.63,0.42,1.05,20
158,153,152,0.84,0.63,0.42,1.05,20
158,153,152,0.84,0.63,0.42,1.05,20
151,148,149,0.84,0.63,0.63,1.26,20
151,148,149,0.84,0.63,0.63,1.26,20
150,147,148,0.84,0.63,0.63,1.26,20
151,148,148,0.84,0.63,0.63,1.26,20
151,148,148,0.84,0.63,0.63,1.26,20
233,190,205,0.84,0,0.42,0,20
234,191,206,0.84,0,0.42,0,20
236,193,207,0.84,0,0.42,0,20
236,192,207,0.84,0,0.42,0,20
235,191,206,0.84,0,0.42,0,20
198,175,187,1.05,0,0.42,0.21,20
195,172,184,1.05,0,0.42,0.21,20
197,173,185,1.05,0,0.42,0.21,20
197,174,186,1.05,0,0.42,0.21,20
198,174,187,1.05,0,0.42,0.21,20
175,159,172,1.26,0,0.84,0.42,20
176,160,173,1.26,0,0.84,0.42,20
174,158,171,1.26,0,0.84,0.42,20
174,158,171,1.26,0,0.84,0.42,20
174,158,171,1.26,0,0.84,0.42,20
239,193,198,0.84,0.21,0.21,0,20
242,194,199,0.84,0.21,0.21,0,20
240,193,198,0.84,0.21,0.21,0,20
244,195,200,0.84,0.21,0.21,0,20
244,196,201,0.84,0.21,0.21,0,20
202,177,184,1.05,0.21,0.21,0.21,20
203,177,184,1.05,0.21,0.21,0.21,20
200,175,181,1.05,0.21,0.21,0.21,20
200,175,182,1.05,0.21,0.21,0.21,20
201,176,183,1.05,0.21,0.21,0.21,20
182,163,171,1.26,0.21,0.21,0.42,20
180,161,169,1.26,0.21,0.21,0.42,20
182,162,170,1.26,0.21,0.21,0.42,20
180,161,169,1.26,0.21,0.21,0.42,20
181,162,169,1.26,0.21,0.21,0.42,20
254,194,183,0.84,0.42,0,0,20
252,193,192,0.84,0.42,0,0,20
255,195,194,0.84,0.42,0,0,20
255,195,193,0.84,0.42,0,0,20
253,195,193,0.84,0.42,0,0,20
174,169,176,0.84,0.42,1.05,0.21,20
173,168,175,0.84,0.42,1.05,0.21,20
173,169,175,0.84,0.42,1.05,0.21,20
173,168,174,0.84,0.42,1.05,0.21,20
175,170,177,0.84,0.42,1.05,0.21,20
147,144,147,1.05,0.84,1.05,1.05,20
146,145,148,1.05,0.84,1.05,1.05,20
144,143,146,1.05,0.84,1.05,1.05,20
145,143,146,1.05,0.84,1.05,1.05,20
145,143,146,1.05,0.84,1.05,1.05,20
246,220,158,0.24,3.41,0,0,20.12
246,220,158,0.24,3.41,0,0,20.12
249,220,157,0.24,3.41,0,0,20.12
245,220,158,0.24,3.41,0,0,20.12
246,220,158,0.24,3.41,0.16,0,20.12
216,212,158,0.24,3.41,0.16,0,20.12
223,220,165,0.24,3.41,0.16,0,20.12
217,214,160,0.24,3.41,0.16,0,20.12
218,214,160,0.24,3.41,0.16,0,20.12
220,217,162,0.24,3.41,0.16,0,20.12
0,115,112,0,13,13,0,10
0,121,117,0,13,13,0,10
0,123,119,0,13,13,0,10
36,105,105,0,13,13,1,10
34,103,103,0,13,13,1,10
50,97,99,0,13,13,2,10
48,94,96,0,13,13,2,10
55,90,92,0,13,13,3,10
60,81,82,0,13,13,6,10
59,80,81,0,13,13,6,10
62,73,75,0,13,13,11,10
63,75,77,0,13,13,11,10
170,135,115,3,10,0,1,25
166,133,114,3,10,0,1,25
170,136,116,3,10,0,1,25
171,136,117,3,10,0,1,25
167,133,113,3,10,0,1,25
153,133,117,3,10,2,1,25
153,133,117,3,10,2,1,25
152,132,116,3,10,2,1,25
153,133,116,3,10,2,1,25
154,134,118,3,10,2,1,25
155,121,113,5,10,2,1,25
160,125,117,5,10,2,1,25
152,119,110,5,10,2,1,25
149,117,108,5,10,2,1,25
153,120,111,5,10,2,1,25
135,118,104,5,15,4,1,25
136,118,104,5,15,4,1,25
136,118,104,5,15,4,1,25
140,121,107,5,15,4,1,25
140,122,108,5,15,4,1,25
137,111,102,7,15,4,1,25
136,110,102,7,15,4,1,25
134,109,100,7,15,4,1,25
127,102,94,7,15,4,1,25
134,109,100,7,15,4,1,25
110,98,92,7,15,5,3,25
109,98,94,7,15,5,3,25
107,97,92,7,15,5,3,25
109,99,94,7,15,5,3,25
110,99,95,7,15,5,3,25
96,92,90,7,15,5,5,25
96,92,91,7,15,5,5,25
94,90,88,7,15,5,5,25
98,92,89,7,15,5,5,25
91,87,86,7,15,5,5,25
79,79,78,7,15,5,8,25
82,80,80,7,15,5,8,25
81,81,81,7,15,5,8,25
80,80,80,7,15,5,8,25
83,83,83,7,15,5,8,25
65,71,85,15,0,10,5,10
70,77,91,15,0,10,5,10
64,71,85,15,0,10,5,10
68,75,89,15,0,10,5,10
66,71,87,15,0,10,5,10
61,71,86,15,0,15,5,10
61,71,87,15,0,15,5,10
62,72,87,15,0,15,5,10
62,72,87,15,0,15,5,10
63,73,89,15,0,15,5,10
40,157,151,0,4,15,0,30
43,160,154,0,4,15,0,30
41,159,153,0,4,15,0,30
41,156,149,0,4,15,0,30
42,156,150,0,4,15,0,30
46,152,139,0,5,15,0,30
48,161,148,0,5,15,0,30
49,164,150,0,5,15,0,30
49,164,151,0,5,15,0,30
50,160,147,0,5,15,0,30
59,161,133,0,8,15,0,30
58,156,130,0,8,15,0,30
55,158,131,0,8,15,0,30
59,164,136,0,8,15,0,30
56,161,133,0,8,15,0,30
64,158,123,0,10,15,0,30
66,165,128,0,10,15,0,30
63,161,124,0,10,15,0,30
66,168,129,0,10,15,0,30
61,156,120,0,10,15,0,30
68,166,124,0,12,15,0,30
69,165,124,0,12,15,0,30
68,165,124,0,12,15,0,30
69,167,125,0,12,15,0,30
64,161,120,0,12,15,0,30
102,135,115,2,12,15,0,30
97,128,109,2,12,15,0,30
100,132,112,2,12,15,0,30
94,124,106,2,12,15,0,30
99,131,112,2,12,15,0,30
237,166,156,1,1,0,0,15
232,167,157,1,1,0,0,15
240,175,164,1,1,0,0,15
236,168,157,1,1,0,0,15
237,170,159,1,1,0,0,15
0,134,200,0,0,20,0,25
0,130,197,0,0,20,0,25
0,127,192,0,0,20,0,25
0,132,200,0,0,20,0,25
0,132,199,0,0,20,0,25
0,129,192,0,0,20,0,30
0,134,198,0,0,20,0,30
0,133,198,0,0,20,0,30
0,133,197,0,0,20,0,30
0,128,191,0,0,20,0,30
0,136,198,0,0,20,0,35
0,139,203,0,0,20,0,35
0,139,204,0,0,20,0,35
0,139,203,0,0,20,0,35
0,135,197,0,0,20,0,35
0,140,202,0,0,10,0,20
0,142,205,0,0,10,0,20
0,141,205,0,0,10,0,20
0,141,205,0,0,10,0,20
0,138,201,0,0,10,0,20
0,125,189,0,0,15,0,20
0,130,195,0,0,15,0,20
0,128,193,0,0,15,0,20
0,132,198,0,0,15,0,20
0,116,175,0,0,15,0,20
0,119,184,0,0,20,0,20
0,123,189,0,0,20,0,20
0,119,184,0,0,20,0,20
0,121,187,0,0,20,0,20
0,109,168,0,0,20,0,20
0,144,210,0,0,20,0,40
0,144,209,0,0,20,0,40
0,144,209,0,0,20,0,40
0,147,212,0,0,20,0,40
0,142,207,0,0,20,0,40
0,146,209,0,0,20,0,45
0,143,205,0,0,20,0,45
0,144,206,0,0,20,0,45
0,144,207,0,0,20,0,45
0,140,201,0,0,20,0,45
146,100,123,15,0,1,0,15
149,103,126,15,0,1,0,15
151,103,127,15,0,1,0,15
148,103,125,15,0,1,0,15
150,102,124,15,0,1,0,15
128,100,126,15,0,2,0,15
126,100,127,15,0,2,0,15
128,102,128,15,0,2,0,15
124,98,124,15,0,2,0,15
126,99,126,15,0,2,0,15
113,100,128,15,0,3,0,15
113,99,128,15,0,3,0,15
114,101,130,15,0,3,0,15
111,98,126,15,0,3,0,15
107,94,121,15,0,3,0,15
113,90,114,20,0,3,0,15
118,90,116,20,0,3,0,15
114,90,116,20,0,3,0,15
117,93,119,20,0,3,0,15
114,92,117,20,0,3,0,15
116,86,108,25,0,3,0,15
116,86,108,25,0,3,0,15
117,86,108,25,0,3,0,15
119,88,110,25,0,3,0,15
115,84,106,25,0,3,0,15
125,91,115,25,0,3,0,20
127,92,116,25,0,3,0,20
127,95,119,25,0,3,0,20
125,92,116,25,0,3,0,20
114,85,107,25,0,3,0,20
119,84,105,30,0,3,0,20
128,88,110,30,0,3,0,20
126,89,112,30,0,3,0,20
129,92,114,30,0,3,0,20
112,78,98,30,0,3,0,20
123,83,102,35,0,3,0,20
126,85,104,35,0,3,0,20
123,82,101,35,0,3,0,20
128,86,105,35,0,3,0,20
119,79,98,35,0,3,0,20
160,98,118,20,0,1,0,15
161,99,120,20,0,1,0,15
155,94,115,20,0,1,0,15
153,95,116,20,0,1,0,15
159,97,118,20,0,1,0,15
162,93,111,25,0,1,0,15
160,91,108,25,0,1,0,15
160,91,109,25,0,1,0,15
157,89,106,25,0,1,0,15
156,88,104,25,0,1,0,15
156,85,99,30,0,1,0,15
155,83,97,30,0,1,0,15
154,83,97,30,0,1,0,15
156,84,98,30,0,1,0,15
151,81,95,30,0,1,0,15
132,81,97,30,0,2,0,15
139,85,102,30,0,2,0,15
136,84,100,30,0,2,0,15
139,85,102,30,0,2,0,15
141,86,104,30,0,2,0,15
127,83,100,30,0,3,0,15
126,81,97,30,0,3,0,15
126,82,98,30,0,3,0,15
126,82,98,30,0,3,0,15
126,82,99,30,0,3,0,15
109,79,92,30,0,3,2,15
105,76,88,30,0,3,2,15
105,76,88,30,0,3,2,15
109,79,93,30,0,3,2,15
101,73,85,30,0,3,2,15
87,74,83,30,0,3,5,15
84,72,79,30,0,3,5,15
85,73,81,30,0,3,5,15
86,73,81,30,0,3,5,15
79,67,74,30,0,3,5,15
68,62,67,30,0,3,10,15
74,68,73,30,0,3,10,15
76,70,75,30,0,3,10,15
72,67,71,30,0,3,10,15
67,62,66,30,0,3,10,15
224,93,73,13,21,0,0,10
229,99,75,13,21,0,0,10
224,93,73,13,21,0,0,10
225,93,73,13,21,0,0,10
229,96,73,13,21,0,0,10
218,87,70,15,21,0,0,10
224,90,71,15,21,0,0,10
228,91,70,15,21,0,0,10
222,89,71,15,21,0,0,10
224,89,70,15,21,0,0,10
223,91,68,15,25,0,0,10
215,87,67,15,25,0,0,10
219,88,67,15,25,0,0,10
222,90,68,15,25,0,0,10
215,87,65,15,25,0,0,10
188,91,73,15,25,0,1,10
202,95,74,15,25,0,1,10
184,90,73,15,25,0,1,10
189,90,71,15,25,0,1,10
181,91,73,15,25,0,1,10
123,85,75,15,25,0,2,10
125,85,74,15,25,0,2,10
126,84,73,15,25,0,2,10
126,85,74,15,25,0,2,10
127,82,71,15,25,0,2,10
103,79,71,15,25,0,3,10
106,81,73,15,25,0,3,10
110,82,73,15,25,0,3,10
108,81,73,15,25,0,3,10
106,80,72,15,25,0,3,10
99,80,73,15,25,0,4,10
97,78,72,15,25,0,4,10
101,79,72,15,25,0,4,10
102,79,72,15,25,0,4,10
100,78,71,15,25,0,4,10
69,66,64,15,25,0,9,10
73,69,68,15,25,0,9,10
73,70,68,15,25,0,9,10
74,70,68,15,25,0,9,10
74,70,69,15,25,0,9,10
236,138,124,3,3,0,0,10
231,138,124,3,3,0,0,10
229,131,115,3,3,0,0,10
237,136,122,3,3,0,0,10
241,136,121,3,3,0,0,10
235,137,111,3,5,0,0,10
238,140,113,3,5,0,0,10
239,139,114,3,5,0,0,10
240,139,113,3,5,0,0,10
240,138,113,3,5,0,0,10
239,143,104,3,8,0,0,10
239,145,104,3,8,0,0,10
237,141,102,3,8,0,0,10
237,140,101,3,8,0,0,10
234,138,100,3,8,0,0,10
241,143,100,3,10,0,0,10
238,142,98,3,10,0,0,10
238,139,97,3,10,0,0,10
238,139,96,3,10,0,0,10
241,140,96,3,10,0,0,10
242,140,89,3,13,0,0,10
243,143,92,3,13,0,0,10
245,141,90,3,13,0,0,10
240,140,90,3,13,0,0,10
244,142,92,3,13,0,0,10
244,142,77,3,21,0,0,10
241,141,79,3,21,0,0,10
242,144,81,3,21,0,0,10
239,142,80,3,21,0,0,10
241,143,79,3,21,0,0,10
233,117,79,5,21,0,0,10
231,115,76,5,21,0,0,10
233,117,78,5,21,0,0,10
233,116,77,5,21,0,0,10
233,116,76,5,21,0,0,10
213,92,70,11,21,0,0,10
222,97,74,11,21,0,0,10
225,97,74,11,21,0,0,10
225,97,74,11,21,0,0,10
221,96,72,11,21,0,0,10
177,212,230,0,0,1,0,20
181,219,238,0,0,1,0,20
180,218,237,0,0,1,0,20
184,217,232,0,0,1,0,20
173,209,227,0,0,1,0,20
150,204,232,0,0,2,0,20
156,212,241,0,0,2,0,20
156,211,241,0,0,2,0,20
160,207,231,0,0,2,0,20
155,210,238,0,0,2,0,20
130,192,225,0,0,4,0,20
125,187,219,0,0,4,0,20
136,198,231,0,0,4,0,20
136,202,238,0,0,4,0,20
136,203,237,0,0,4,0,20
110,187,227,0,0,7,0,20
111,190,232,0,0,7,0,20
108,189,232,0,0,7,0,20
113,192,233,0,0,7,0,20
112,191,233,0,0,7,0,20
22,166,223,0,0,13,0,20
29,166,222,0,0,13,0,20
24,161,217,0,0,13,0,20
20,165,224,0,0,13,0,20
28,168,225,0,0,13,0,20
35,166,190,0,1,13,0,20
38,166,189,0,1,13,0,20
33,165,189,0,1,13,0,20
38,167,191,0,1,13,0,20
45,170,194,0,1,13,0,20
44,165,172,0,2,13,0,20
44,160,167,0,2,13,0,20
45,165,173,0,2,13,0,20
41,164,172,0,2,13,0,20
43,167,175,0,2,13,0,20
58,171,161,0,4,13,0,20
66,176,163,0,4,13,0,20
57,167,157,0,4,13,0,20
57,168,158,0,4,13,0,20
60,170,160,0,4,13,0,20
0,140,164,0,5,15,0,35
0,139,163,0,5,15,0,35
0,141,165,0,5,15,0,35
0,137,161,0,5,15,0,35
0,140,164,0,5,15,0,35
0,136,153,0,5,13,0,25
0,140,158,0,5,13,0,25
0,134,151,0,5,13,0,25
0,138,156,0,5,13,0,25
0,136,153,0,5,13,0,25
0,132,148,0,5,15,0,20
0,132,149,0,5,15,0,20
0,135,152,0,5,15,0,20
0,135,153,0,5,15,0,20
0,133,151,0,5,15,0,20
18,145,138,0,5,5,0,15
15,154,146,0,5,5,0,15
13,150,142,0,5,5,0,15
12,157,149,0,5,5,0,15
12,147,139,0,5,5,0,15
0,128,136,0,5,10,0,15
0,132,140,0,5,10,0,15
0,138,147,0,5,10,0,15
0,138,147,0,5,10,0,15
0,136,144,0,5,10,0,15
0,126,142,0,5,15,0,15
0,127,143,0,5,15,0,15
0,115,130,0,5,15,0,15
0,129,147,0,5,15,0,15
0,126,143,0,5,15,0,15
0,156,177,0,5,20,0,50
0,155,176,0,5,20,0,50
0,155,176,0,5,20,0,50
0,157,178,0,5,20,0,50
0,150,170,0,5,20,0,50
14,166,188,0,10,20,0,55
20,161,182,0,10,20,0,55
9,161,183,0,10,20,0,55
10,162,184,0,10,20,0,55
15,163,185,0,10,20,0,55
59,158,156,0,3,3,0,15
50,161,159,0,3,3,0,15
53,165,163,0,3,3,0,15
51,163,161,0,3,3,0,15
54,163,161,0,3,3,0,15
59,164,146,0,5,3,0,15
58,164,145,0,5,3,0,15
56,158,139,0,5,3,0,15
58,159,140,0,5,3,0,15
60,165,145,0,5,3,0,15
66,166,134,0,8,3,0,15
66,166,134,0,8,3,0,15
66,168,136,0,8,3,0,15
66,166,134,0,8,3,0,15
66,166,134,0,8,3,0,15
28,154,136,0,8,5,0,15
25,155,136,0,8,5,0,15
27,153,135,0,8,5,0,15
28,153,135,0,8,5,0,15
28,153,134,0,8,3,0,15
0,135,126,0,10,10,0,15
0,140,131,0,10,10,0,15
0,138,130,0,10,10,0,15
0,136,127,0,10,10,0,15
0,126,118,0,10,10,0,15
0,135,115,0,15,10,0,15
0,138,119,0,15,10,0,15
0,138,119,0,15,10,0,15
0,136,117,0,15,10,0,15
0,136,117,0,15,10,0,15
0,126,117,0,15,15,0,15
0,128,119,0,15,15,0,15
0,124,118,0,15,15,0,15
0,125,117,0,15,15,0,15
0,125,116,0,15,15,0,15
0,119,117,0,15,20,0,15
0,114,113,0,15,20,0,15
0,118,116,0,15,20,0,15
0,113,112,0,15,20,0,15
0,116,115,0,15,20,0,15
201,169,191,1,0,1,0,15
202,171,192,1,0,1,0,15
200,169,191,1,0,1,0,15
201,171,193,1,0,1,0,15
201,170,192,1,0,1,0,15
187,146,171,2,0,2,0,15
192,149,174,2,0,2,0,15
182,143,167,2,0,2,0,15
201,155,178,2,0,2,0,15
191,150,175,2,0,2,0,15
176,120,146,5,0,5,0,15
168,119,144,5,0,5,0,15
168,118,144,5,0,5,0,15
178,121,147,5,0,5,0,15
173,119,144,5,0,5,0,15
150,104,130,8,0,8,0,15
152,105,130,8,0,8,0,15
151,104,130,8,0,8,0,15
150,105,130,8,0,8,0,15
150,104,130,8,0,8,0,15
135,98,124,10,0,10,0,15
136,98,124,10,0,10,0,15
135,98,124,10,0,10,0,15
138,99,125,10,0,10,0,15
139,98,123,10,0,10,0,15
116,93,112,10,0,10,1,15
116,93,112,10,0,10,1,15
117,94,113,10,0,10,1,15
119,94,114,10,0,10,1,15
119,95,114,10,0,10,1,15
115,93,110,10,0,10,2,15
113,92,110,10,0,10,2,15
112,92,109,10,0,10,2,15
111,90,107,10,0,10,2,15
113,92,109,10,0,10,2,15
87,82,91,10,0,10,5,15
87,81,91,10,0,10,5,15
86,81,90,10,0,10,5,15
87,82,91,10,0,10,5,15
88,83,93,10,0,10,5,15
240,241,171,0,1,0,0,10
243,244,173,0,1,0,0,10
242,244,173,0,1,0,0,10
241,243,173,0,1,0,0,10
241,243,174,0,1,0,0,10
241,241,157,0,2,0,0,10
245,243,152,0,2,0,0,10
242,241,152,0,2,0,0,10
248,245,151,0,2,0,0,10
244,243,153,0,2,0,0,10
245,244,166,0,2,0,0,15
140,241,167,0,2,0,0,15
241,241,167,0,2,0,0,15
242,242,167,0,2,0,0,15
242,242,168,0,2,0,0,15
247,241,131,0,5,0,0,15
241,238,134,0,5,0,0,15
247,241,131,0,5,0,0,15
249,243,134,0,5,0,0,15
253,246,133,0,5,0,0,15
244,242,155,0,5,0,0,25
248,244,154,0,5,0,0,25
249,246,155,0,5,0,0,25
242,242,157,0,5,0,0,25
241,240,154,0,5,0,0,25
236,178,140,1,5,0,0,25
234,186,147,1,5,0,0,25
243,185,147,1,5,0,0,25
240,183,144,1,5,0,0,25
243,185,146,1,5,0,0,25
224,190,128,1,10,0,0,25
244,187,125,1,10,0,0,25
242,190,127,1,10,0,0,25
240,184,123,1,10,0,0,25
244,185,123,1,10,0,0,25
171,159,123,1,10,0,1,25
167,157,122,1,10,0,1,25
168,158,123,1,10,0,1,25
166,156,121,1,10,0,1,25
167,157,122,1,10,0,1,25
148,154,157,0,0,0,1,25
148,153,157,0,0,0,1,25
146,152,156,0,0,0,1,25
147,152,156,0,0,0,1,25
147,153,157,0,0,0,1,25
126,133,138,0,0,0,2,25
126,132,137,0,0,0,2,25
126,132,137,0,0,0,2,25
126,132,137,0,0,0,2,25
127,134,138,0,0,0,2,25
113,120,125,0,0,0,5,25
112,119,125,0,0,0,5,25
114,121,126,0,0,0,5,25
113,120,126,0,0,0,5,25
113,120,125,0,0,0,5,25
117,103,114,5,0,0,5,25
118,103,114,5,0,0,5,25
118,103,114,5,0,0,5,25
118,103,114,5,0,0,5,25
116,102,113,5,0,0,5,25
89,96,113,5,0,5,5,25
91,98,115,5,0,5,5,25
92,98,115,5,0,5,5,25
91,98,115,5,0,5,5,25
88,94,111,5,0,5,5,25
93,99,108,5,5,5,5,25
92,98,106,5,5,5,5,25
92,99,107,5,5,5,5,25
93,99,107,5,5,5,5,25
89,96,104,5,5,5,5,25
80,96,108,5,5,10,5,25
79,95,107,5,5,10,5,25
79,95,107,5,5,10,5,25
78,95,107,5,5,10,5,25
79,94,105,5,5,10,5,25
74,83,91,5,5,10,10,25
74,83,91,5,5,10,10,25
75,84,92,5,5,10,10,25
75,84,91,5,5,10,10,25
75,84,92,5,5,10,10,25
112,125,113,3,12,15,0,30
111,124,111,3,12,15,0,30
111,124,111,3,12,15,0,30
114,126,111,3,12,15,0,30
113,125,111,3,12,15,0,30
113,117,108,4,12,15,0,30
115,118,109,4,12,15,0,30
111,113,104,4,12,15,0,30
116,118,108,4,12,15,0,30
116,118,108,4,12,15,0,30
120,112,106,5,12,15,0,30
124,115,108,5,12,15,0,30
116,111,106,5,12,15,0,30
116,111,106,5,12,15,0,30
119,112,106,5,12,15,0,30
96,109,99,5,17,20,0,30
98,110,101,5,17,20,0,30
97,109,100,5,17,20,0,30
101,111,100,5,17,20,0,30
96,108,98,5,17,20,0,30
107,120,110,5,17,20,0,35
107,120,110,5,17,20,0,35
106,119,109,5,17,20,0,35
116,127,113,5,17,20,0,35
105,117,108,5,17,20,0,35
81,89,88,5,17,20,5,35
79,87,86,5,17,20,5,35
79,86,85,5,17,20,5,35
81,89,88,5,17,20,5,35
82,89,88,5,17,20,5,35
76,81,82,5,17,20,10,35
75,80,81,5,17,20,10,35
77,83,83,5,17,20,10,35
77,82,83,5,17,20,10,35
77,83,83,5,17,20,10,35
70,74,76,5,17,20,15,35
71,75,77,5,17,20,15,35
71,75,77,5,17,20,15,35
67,70,71,5,17,20,15,35
68,72,73,5,17,20,15,35
247,249,214,0,1,0,0,45
242,245,213,0,1,0,0,45
242,245,209,0,1,0,0,45
246,248,214,0,1,0,0,45
242,244,210,0,1,0,0,45
245,247,197,0,2,0,0,45
240,242,197,0,2,0,0,45
239,241,193,0,2,0,0,45
245,246,195,0,2,0,0,45
241,242,192,0,2,0,0,45
242,242,170,0,3,0,0,45
240,239,166,0,3,0,0,45
243,242,168,0,3,0,0,45
244,243,171,0,3,0,0,45
242,240,167,0,3,0,0,45
247,243,150,0,8,0,0,45
252,248,152,0,8,0,0,45
246,243,151,0,8,0,0,45
241,239,151,0,8,0,0,45
245,243,153,0,8,0,0,45
196,184,151,1,8,0,1,45
198,186,152,1,8,0,1,45
193,182,149,1,8,0,1,45
194,183,149,1,8,0,1,45
197,185,151,1,8,0,1,45
200,189,155,1,8,0,1,50
198,187,154,1,8,0,1,50
198,187,154,1,8,0,1,50
197,187,154,1,8,0,1,50
201,190,157,1,8,0,1,50
198,189,157,1,8,0,1,55
198,189,157,1,8,0,1,55
196,185,153,1,8,0,1,55
193,181,150,1,8,0,1,55
203,193,160,1,8,0,1,55
199,189,156,1,8,0,1,70
206,197,166,1,8,0,1,70
205,196,166,1,8,0,1,70
207,197,166,1,8,0,1,70
208,198,167,1,8,0,1,70
250,181,195,1,0,0,0,20
251,182,196,1,0,0,0,20
249,181,196,1,0,0,0,20
251,182,196,1,0,0,0,20
250,183,198,1,0,0,0,20
246,190,203,1,0,0,0,30
250,194,207,1,0,0,0,30
238,183,194,1,0,0,0,30
251,194,206,1,0,0,0,30
246,193,205,1,0,0,0,30
249,172,188,2,0,0,0,30
243,171,186,2,0,0,0,30
244,170,185,2,0,0,0,30
245,168,184,2,0,0,0,30
244,170,185,2,0,0,0,30
245,142,161,5,0,0,0,30
245,143,162,5,0,0,0,30
243,141,159,5,0,0,0,30
242,139,157,5,0,0,0,30
241,141,158,5,0,0,0,30
240,121,140,10,0,0,0,30
237,119,137,10,0,0,0,30
238,120,138,10,0,0,0,30
236,119,137,10,0,0,0,30
236,118,136,10,0,0,0,30
233,100,116,20,0,0,0,30
227,101,117,20,0,0,0,30
224,101,117,20,0,0,0,30
226,98,113,20,0,0,0,30
225,97,112,20,0,0,0,30
220,89,102,30,0,0,0,30
220,88,101,30,0,0,0,30
219,88,100,30,0,0,0,30
221,89,101,30,0,0,0,30
22,89,101,30,0,0,0,30
154,89,107,30,0,3,0,30
154,89,107,30,0,3,0,30
154,88,105,30,0,3,0,30
152,87,105,30,0,3,0,30
153,89,107,30,0,3,0,30
55,100,123,0,0,10,3,10
57,101,125,0,0,10,3,10
54,101,126,0,0,10,3,10
53,101,126,0,0,10,3,10
54,101,126,0,0,10,3,10
50,96,123,0,0,13,3,10
49,96,122,0,0,13,3,10
49,95,121,0,0,13,3,10
49,96,122,0,0,13,3,10
50,97,123,0,0,13,3,10
44,91,121,0,0,20,3,10
41,92,122,0,0,20,3,10
43,91,120,0,0,20,3,10
44,92,122,0,0,20,3,10
44,91,120,0,0,20,3,10
41,90,121,0,0,25,3,10
40,88,119,0,0,25,3,10
41,88,119,0,0,25,3,10
44,90,120,0,0,25,3,10
38,87,118,0,0,25,3,10
55,78,95,0,0,25,5,10
56,79,97,0,0,25,5,10
56,78,95,0,0,25,5,10
55,77,94,0,0,25,5,10
55,77,94,0,0,25,5,10
59,71,81,0,0,25,10,10
59,70,80,0,0,25,10,10
60,71,81,0,0,25,10,10
60,71,81,0,0,25,10,10
60,71,82,0,0,25,10,10
69,85,94,0,0,5,5,10
70,85,94,0,0,5,5,10
71,85,94,0,0,5,5,10
67,81,90,0,0,5,5,10
70,84,94,0,0,5,5,10
65,85,97,0,0,10,5,10
65,85,98,0,0,10,5,10
63,80,91,0,0,10,5,10
64,83,94,0,0,10,5,10
65,84,96,0,0,10,5,10
65,77,85,0,0,10,10,10
66,77,85,0,0,10,10,10
66,77,85,0,0,10,10,10
65,76,85,0,0,10,10,10
66,77,85,0,0,10,10,10
202,193,160,1,8,0,1,60
204,194,161,1,8,0,1,60
202,192,160,1,8,0,1,60
205,195,162,1,8,0,1,60
200,190,158,1,8,0,1,60
208,199,167,1,8,0,1,65
206,197,166,1,8,0,1,65
205,195,164,1,8,0,1,65
207,197,166,1,8,0,1,65
207,197,166,1,8,0,1,65
210,186,163,2,8,0,1,80
212,187,164,2,8,0,1,80
211,186,164,2,8,0,1,80
206,183,161,2,8,0,1,80
210,186,164,2,8,0,1,80
213,178,162,3,8,0,1,80
208,173,156,3,8,0,1,80
212,177,161,3,8,0,1,80
212,177,160,3,8,0,1,80
210,176,159,3,8,0,1,80
212,163,154,5,8,0,1,80
214,164,155,5,8,0,1,80
212,162,154,5,8,0,1,80
213,163,155,5,8,0,1,80
211,162,153,5,8,0,1,80
130,73,59,2,6,1,0,0
132,73,58,2,6,1,0,0
115,72,61,2,6,1,0,0
122,72,60,2,6,1,0,0
125,71,57,2,6,1,0,0
206,161,133,2,6,1,0,15
209,164,135,2,6,1,0,15
207,161,133,2,6,1,0,15
205,160,132,2,6,1,0,15
208,161,132,2,6,1,0,15
63,174,173,0,3,13,0,30
51,170,171,0,3,13,0,30
51,168,169,0,3,13,0,30
58,165,165,0,3,13,0,30
57,170,169,0,3,13,0,30
77,179,230,0,0,0,10,20
79,178,227,0,0,0,10,20
76,177,229,0,0,0,10,20
79,175,225,0,0,0,10,20
79,179,229,0,0,0,10,20
135,117,113,5,10,4,1,25
137,119,115,5,10,4,1,25
134,117,112,5,10,4,1,25
139,121,117,5,10,4,1,25
138,121,117,5,10,4,1,25
164,137,120,2,10,1,1,25
159,134,116,2,10,1,1,25
164,137,120,2,10,1,1,25
165,137,119,2,10,1,1,25
162,136,118,2,10,1,1,25
171,147,121,2,10,0,1,25
171,147,121,2,10,0,1,25
169,146,120,2,10,0,1,25
167,144,118,2,10,0,1,25
168,144,118,2,10,0,1,25
0,145,154,0,5,15,0,20
0,144,154,0,5,15,0,20
0,144,154,0,5,15,0,20
0,144,153,0,5,15,0,20
0,145,155,0,5,15,0,20
0,130,130,0,10,15,0,15
0,127,127,0,10,15,0,15
0,128,127,0,10,15,0,15
0,127,127,0,10,15,0,15
0,129,129,0,10,15,0,15
64,88,93,0,10,15,5,15
64,88,92,0,10,15,5,15
63,87,91,0,10,15,5,15
62,86,90,0,10,15,5,15
61,83,87,0,10,15,5,15
141,87,107,30,0,5,0,30
139,87,106,30,0,5,0,30
139,87,105,30,0,5,0,30
140,87,106,30,0,5,0,30
139,87,106,30,3,5,0,30
142,88,104,30,3,5,0,30
140,87,102,30,3,5,0,30
140,86,102,30,3,5,0,30
140,87,102,30,3,5,0,30
140,86,102,30,3,5,0,30
141,89,92,30,15,5,0,30
141,87,91,30,15,5,0,30
142,89,92,30,15,5,0,30
141,88,92,30,15,5,0,30
142,88,92,30,15,5,0,30
113,85,94,30,15,5,0,30
116,87,95,30,15,5,0,30
113,85,93,30,15,5,0,30
117,87,95,30,15,5,0,30
116,87,96,30,15,5,0,30
96,84,96,30,15,10,0,30
95,83,94,30,15,10,0,30
95,83,94,30,15,10,0,30
95,84,95,30,15,10,0,30
96,84,95,30,15,10,0,30
90,82,90,30,15,10,3,30
87,80,89,30,15,10,3,30
84,76,84,30,15,10,3,30
87,79,88,30,15,10,3,30
88,80,89,30,15,10,3,30
75,73,78,30,15,10,10,30
76,74,79,30,15,10,10,30
75,73,78,30,15,10,10,30
75,73,78,30,15,10,10,30
76,74,79,30,15,10,10,30
78,75,77,30,25,10,10,30
77,75,76,30,25,10,10,30
77,75,77,30,25,10,10,30
79,76,78,30,25,10,10,30
77,75,77,30,25,10,10,30
64,79,84,0,5,10,10,10
62,76,81,0,5,10,10,10
64,78,83,0,5,10,10,10
65,80,85,0,5,10,10,10
60,73,78,0,5,10,10,10
61,77,84,0,5,15,10,10
61,77,84,0,5,15,10,10
60,77,84,0,5,15,10,10
61,78,85,0,5,15,10,10
61,77,83,0,5,15,10,10
62,81,84,0,10,15,10,10
62,78,82,0,10,15,10,10
61,78,82,0,10,15,10,10
59,77,80,0,10,15,10,10
60,78,80,0,10,15,10,10
60,80,77,0,15,15,10,10
61,79,78,0,15,15,10,10
60,79,76,0,15,15,10,10
61,79,78,0,15,15,10,10
60,79,77,0,15,15,10,10
59,87,96,0,5,15,5,15
61,85,94,0,5,15,5,15
60,85,94,0,5,15,5,15
60,84,93,0,5,15,5,15
60,86,95,0,5,15,5,15
62,92,96,0,10,15,5,15
59,93,96,0,10,15,5,15
61,86,91,0,10,15,5,15
62,87,91,0,10,15,5,15
63,87,92,0,10,15,5,15
56,84,92,0,10,15,5,15
56,83,90,0,10,15,5,15
53,83,91,0,10,15,5,15
57,84,92,0,10,15,5,15
57,84,92,0,10,15,5,15
57,86,91,0,15,15,5,15
57,86,90,0,15,15,5,15
57,85,90,0,15,15,5,15
58,86,90,0,15,15,5,15
58,86,90,0,15,15,5,15
77,96,123,15,2,10,0,15
79,98,124,15,2,10,0,15
77,96,122,15,2,10,0,15
78,96,122,15,2,10,0,15
77,96,122,15,2,10,0,15
82,92,117,20,2,10,0,15
81,90,115,20,2,10,0,15
82,91,117,20,2,10,0,15
80,90,115,20,2,10,0,15
81,91,116,20,2,10,0,15
84,86,110,25,2,10,0,15
86,87,112,25,2,10,0,15
85,86,110,25,2,10,0,15
87,88,112,25,2,10,0,15
87,89,113,25,2,10,0,15
86,84,106,30,2,10,0,15
86,84,106,30,2,10,0,15
87,85,108,30,2,10,0,15
88,86,108,30,2,10,0,15
87,85,108,30,2,10,0,15
87,82,102,35,2,10,0,15
89,84,104,35,2,10,0,15
88,83,103,35,2,10,0,15
87,82,102,35,2,10,0,15
88,83,103,35,2,10,0,15
90,82,101,40,2,10,0,15
89,81,100,40,2,10,0,15
91,82,102,40,2,10,0,15
90,81,101,40,2,10,0,15
90,81,101,40,2,10,0,15
0,144,165,0,5,20,0,35
0,147,167,0,5,20,0,35
0,145,165,0,5,20,0,35
0,145,164,0,5,20,0,35
0,144,164,0,5,20,0,35
0,149,170,0,5,20,0,40
0,149,171,0,5,20,0,40
0,148,169,0,5,20,0,40
0,146,168,0,5,20,0,40
0,146,168,0,5,20,0,40
0,153,174,0,5,20,0,45
0,157,178,0,5,20,0,45
0,156,176,0,5,20,0,45
0,155,176,0,5,20,0,45
0,157,177,0,5,20,0,45
0,158,179,0,5,20,0,55
0,157,179,0,5,20,0,55
0,156,178,0,5,20,0,55
0,157,179,0,5,20,0,55
0,155,177,0,5,20,0,55
162,152,133,2,6,2,1,15
164,154,135,2,6,2,1,15
163,153,134,2,6,2,1,15
163,153,134,2,6,2,1,15
161,152,133,2,6,2,1,15
159,140,126,3,6,2,1,15
168,145,130,3,6,2,1,15
169,145,130,3,6,2,1,15
158,140,126,3,6,2,1,15
156,139,124,3,6,2,1,15
151,210,210,0,1.96,4.89,0,93.15
151,210,210,0,1.96,4.89,0,93.15
150,207,206,0,1.96,4.89,0,93.15
150,207,206,0,1.96,4.89,0,93.15
240,236,222,0.13,0.53,0.13,0,99.2
230,208,179,0.99,3.95,0.99,0,99.2
139,144,146,1.21,2.81,1.69,4.91,89.38
152,206,206,43.45,17.28,5.69,0,33.58
